Group,Category,Subpackage,Keyword,Recent,Priority
Stock,Biotech Stocks Forecast,ANY,Biotech Stocks To Buy,11/29/2016,1
Stock,Conservative Stock Forecast,ANY,Best Defensive Stocks,11/29/2016,1
ETF,ETF's Forecast,ANY,Etf Forecast,11/29/2016,1
Index,ANY,ANY,Indices Forecast,11/29/2016,1
ETF,ETF's Forecast,ANY,Etf Screener,11/29/2016,1
Stock,Biotech Stocks Forecast,ANY,Best Bio Tech Stocks,11/29/2016,1
ETF,ETF's Forecast,ANY,Top Rated Etfs,11/29/2016,1
ETF,ETF's Forecast,ANY,Best Etf,11/29/2016,1
Stock,ANY,ANY,Stock Market Analysis,11/29/2016,1
Stock,Home Builders,ANY,Stock Selection,11/29/2016,1
Stock,Stocks Under $5,ANY,Stock Market Analysis,11/29/2016,1
ETF,ETF's Forecast,ANY,Best Etfs,11/29/2016,1
ETF,ETF's Forecast,ANY,Etf Outlook,11/29/2016,1
Stock,Stocks Under $5,ANY,Best Stocks Under 5,11/29/2016,2
Stock,Mega Cap Forecast,ANY,Top 10 Blue Chip Stocks,11/29/2016,1
Index,Indices Forecast,ANY,World Indices Forecast,11/29/2016,1
Stock,ANY,ANY,Short Selling Stock,11/29/2016,2
Stock,ANY,ANY,Stock Market Outlook,11/29/2016,1
Stock,ANY,ANY,Stock Predictors,11/29/2016,1
Index,Volatility Forecast,ANY,Volatility Forecast,11/29/2016,1
Stock,ANY,ANY,Stock Market Prediction Algorithm,11/29/2016,1
Stock,Biotech Stocks Forecast,ANY,Best Biotech Stocks To Buy,11/29/2016,1
Stock,Biotech Stocks Forecast,ANY,Best Biotech Stocks,11/29/2016,1
Stock,Dividend Stocks Forecast,ANY,Top Dividend Stocks,11/29/2016,1
Stock,Options,ANY,Top Options To Buy,11/29/2016,1
Stock,ANY,ANY,Best Stock Screener,11/29/2016,1
Stock,ANY,ANY,Best Stocks To Invest,11/29/2016,1
Stock ,ANY,ANY,Equity Research,11/29/2016,1
Stock,ANY,ANY,Market Forecast,11/29/2016,1
Stock,ANY,ANY,Quant Trading,11/29/2016,1
stock,ANY,ANY,Robo Advisors,11/29/2016,1
stock,ANY,ANY,Short Term Stock Picks,11/29/2016,1
stock,ANY,ANY,Stock Finder,11/29/2016,1
Stock,ANY,ANY,Stock Valuation Using Algorithms,11/29/2016,1
Stock,ANY,ANY,Systematic Stock Trading,11/29/2016,1
Stock,ANY,ANY,Top Rated Stocks,11/29/2016,1
Stock,ANY,ANY,Stock Ranking,11/29/2016,2
Stock,ANY,ANY,Stock Predictions,11/29/2016,2
Stock,Options,ANY,Best Options To Buy,11/29/2016,1
Stock,Stock Forecast & S&P500 Forecast,ANY,Top Rated Stocks,11/29/2016,1
Stock,52 Week Low Stocks,ANY,Trend Following,11/29/2016,1
Stock,ANY,ANY,Trend Following,11/29/2016,1
Stock,ANY,ANY,Algotrader,11/29/2016,1
Stock,ANY,ANY,Black Box Trading,11/29/2016,1
Stock,ANY,ANY,Stock Forecast,11/29/2016,1
Stock,Dividend Stocks Forecast,ANY,Best Dividend Stocks,11/29/2016,1
Stock,Energy Stocks Forecast,ANY,Black Box Trading,11/29/2016,1
Stock,ANY,ANY,Algorithmic Trading,11/29/2016,1
Stock,ANY,ANY,Quantitive Trading,11/29/2016,1
stock,ANY,ANY,Short Term Trading,11/29/2016,1
Stock,ANY,ANY,Stock Market Algorithm,11/29/2016,1
Stock,ANY,ANY,Stock Market Predictions,11/29/2016,1
Stock,ANY,ANY,Stock Picking By Using Big Data,11/29/2016,1
Stock,ANY,ANY,Stock Recommendations,11/29/2016,1
Stock,ANY,ANY,Stock Research,11/29/2016,1
Stock,ANY,ANY,Stock Screener,11/29/2016,1
Stock,ANY,ANY,Stock Trend Analysis,11/29/2016,1
Stock,ANY,ANY,Top 10 Stocks,11/29/2016,1
Stock,ANY,ANY,Undervalued Stocks,11/29/2016,1
Stock,ANY,ANY,Short Term Stocks To Buy,11/29/2016,1
stock,ANY,ANY,Best Short Term Stocks To Buy,11/29/2016,2
Stock,Biotech Stocks Forecast,ANY,Biotech Stocks To Invest In,11/29/2016,1
Stock,Consumer Stocks,ANY,Stock Research,11/29/2016,1
Stock,Stock Forecast & S&P500 Forecast,ANY,Stock Predictor,11/29/2016,2
stock,Stocks Under $5,ANY,Algorithmic Trading,11/29/2016,1
Stock,ANY,ANY,Algo Trading,11/29/2016,1
Stock,ANY,ANY,Big Data Trading,11/29/2016,1
Stock,ANY,ANY,Equity Valuation,11/29/2016,1
Stock,ANY,ANY,Stock Forecasting,11/29/2016,1
Stock,ANY,ANY,Stock Picking Algorithm,11/29/2016,1
Stock,ANY,ANY,Stock Trends,11/29/2016,1
Stock,ANY,ANY,Top Stock Research,11/29/2016,1
Stock,Bank Stock Forecast,ANY,Bank Stock Picks,11/29/2016,1
Currency,Currency Forecast,ANY,Currency Predictor,11/29/2016,1
Stock,Energy Stocks Forecast,ANY,Algo Trading,11/29/2016,1
Stock,Small Cap Forecast,ANY,Small Cap Stocks To Buy,11/29/2016,1
Stock,ANY,ANY,Best Shares,11/29/2016,1
Stock,ANY,ANY,Daily Stock Market Predictions,11/29/2016,1
Stock,ANY,ANY,Market Predictions,11/29/2016,1
Stock,ANY,ANY,Systematic Trading,11/29/2016,1
Currency,Currency Forecast,ANY,Forex Forecast,11/29/2016,1
Currency,Currency Forecast,ANY,Forex Outlook,11/29/2016,1
stock,Stocks Under $10,ANY,Systematic Trading,11/29/2016,1
Stock,ANY,ANY,Algorithmic Trading Strategies,11/29/2016,1
Stock,ANY,ANY,Bullish Stocks To Buy,11/29/2016,1
Stock,ANY,ANY,Machine Learning Trading,11/29/2016,1
Stock,ANY,ANY,Most Undervalued Stocks,11/29/2016,1
Stock,ANY,ANY,Stock Picking Strategies,11/29/2016,1
Stock,ANY,ANY,Swing Trading,11/29/2016,1
Stock,ANY,ANY,Stock Ideas,11/29/2016,2
Stock,Tech Stocks Forecast,ANY,Best Tech Stocks,11/29/2016,1
Stock,Canadian Stock Forecast,ANY,Best Canadian Stocks,11/29/2016,1
Index,Volatility Forecast,ANY,Volatility Forecasting,11/29/2016,1
Stock,ANY,ANY,Stock Market Projections,11/29/2016,1
Stock,Bank Stock Forecast,ANY,Best Bank Stocks,11/29/2016,1
Currency,Currency Forecast,ANY,Currency Forecast,11/29/2016,1
Currency,Currency Forecast,ANY,Currency Outlook,11/29/2016,1
Stock,European Stock Forecast,ANY,European Stocks To Buy,11/29/2016,1
Stock,ANY,ANY,Long Term Stock Picks,11/29/2016,1
Stock,ANY,ANY,Top Stock Picks,11/29/2016,1
Stock,Bank Stock Forecast,ANY,Bank Stocks To Buy,11/29/2016,1
Stock,Stocks Under $10,ANY,Top Stocks Under $10,11/29/2016,2
Stock,Stocks Under $10,ANY,Best Stocks Under $10,11/29/2016,2
Stock,Stocks Under $5,ANY,Stock Valuation,11/29/2016,2
Stock,ANY,ANY,Best Shares To Buy,11/29/2016,1
stock,ANY,ANY,Short Term Trading Stocks,11/29/2016,1
Stock,ANY,ANY,Stock Market Forecast,11/29/2016,1
Currency,Currency Forecast,ANY,Forex Trends,11/29/2016,1
Currency,Currency Forecast,ANY,Exchange Rate Forecast,11/29/2016,2
Stock,Stocks Under $10,ANY,Stock Market Forecast,11/29/2016,1
Stock,Aggressive Stocks Forecast,ANY,Using Genetic Algorithms To Forecast Financial Markets,11/29/2016,1
stock,ANY,ANY,Stock Picking,11/29/2016,1
Stock,ANY,ANY,Best Long Term Stocks,11/29/2016,1
Stock,ANY,ANY,Short Term Stocks,11/29/2016,1
Stock,European Stock Forecast,ANY,Best European Stocks,11/29/2016,1
Stock,Tech Stocks Forecast,ANY,10 Best Tech Stocks,11/29/2016,1
Stock,Tech Stocks Forecast,ANY,Algorithmic Trading Software,11/29/2016,1
Stock,Aggressive Stocks Forecast,ANY,Stock Scanner,11/29/2016,1
Stock,Biotech Stocks Forecast,ANY,Biotech Stocks To Watch,11/29/2016,1
Stock,Warren Buffett Portfolio,ANY,Warren Buffett Portfolio,11/29/2016,1
Stock,ANY,ANY,Stock Pickers,11/29/2016,1
Stock,ANY,ANY,Stock-Picking,11/29/2016,1
Stock,Basic Industry Forecast,ANY,Robo Advisor,11/29/2016,1
Stock,Biotech Stocks Forecast,ANY,Top Biotech Stocks,11/29/2016,1
Stock,Dividend Stocks Forecast,ANY,Best Dividend Paying Stocks,11/29/2016,1
Stock,Mega Cap Forecast,ANY,Best Mega Cap Stocks,11/29/2016,1
Stock,Mega Cap Forecast,ANY,Best Blue Chip Stocks,11/29/2016,1
Stock,52 Week Low Stocks,ANY,52 Week Low Stocks,11/29/2016,2
Stock,52 Week Low Stocks,ANY,52 Week Low Stocks To Buy,11/29/2016,2
Stock,52 Week Low Stocks,ANY,52 Week Low Stocks To Watch,11/29/2016,2
Stock,Aggressive Stocks Forecast,ANY,High Risk High Reward Stocks,11/29/2016,1
Stock,Aggressive Stocks Forecast,ANY,Aggressive Investment Strategy,11/29/2016,2
Stock,Aggressive Stocks Forecast,ANY,Aggressive Stocks Forecast,11/29/2016,2
Stock,Aggressive Stocks Forecast,ANY,Aggressive Stocks Outlook,11/29/2016,2
Stock,Aggressive Stocks Forecast,ANY,Aggressive Stocks Predictions,11/29/2016,2
Stock,Aggressive Stocks Forecast,ANY,Aggressive Stocks To Buy,11/29/2016,2
Stock,Aggressive Stocks Forecast,ANY,Aggressive Stocks To Invest,11/29/2016,2
Stock,Aggressive Stocks Forecast,ANY,Aggressive Stocks Trends,11/29/2016,2
Stock,Aggressive Stocks Forecast,ANY,Aggressive Trading,11/29/2016,2
Stock,Aggressive Stocks Forecast,ANY,Best Aggressive Investment Strategy,11/29/2016,2
Stock,Aggressive Stocks Forecast,ANY,Best Aggressive Stocks,11/29/2016,2
Stock,Aggressive Stocks Forecast,ANY,High Growth Stocks,11/29/2016,2
Stock,Aggressive Stocks Forecast,ANY,Top Aggressive Investment Strategies,11/29/2016,2
Stock,Aggressive Stocks Forecast,ANY,Top Aggressive Investments,11/29/2016,2
Stock,Aggressive Stocks Forecast,ANY,Top Aggressive Stocks,11/29/2016,2
Index,ANY,ANY,Indices Outlook,11/29/2016,1
Index,ANY,ANY,Indices Predictions,11/29/2016,1
stock,ANY,ANY,Short Term Stock Trading,11/29/2016,1
Stock,ANY,ANY,Best Stocks To Buy,11/29/2016,1
Stock,ANY,ANY,Stock Market Forecasting,11/29/2016,1
stock,ANY,ANY,Best Short Term Investments,11/29/2016,2
stock,ANY,ANY,Short Term Investments,11/29/2016,2
stock,ANY,ANY,Short Term Trading Strategies,11/29/2016,2
Stock,ANY,ANY,Stock Analysis Software,11/29/2016,2
Stock,ANY,ANY,Algorithm Based Stock Picks,11/29/2016,2
Stock,ANY,ANY,Algorithm Predictions,11/29/2016,2
Stock,ANY,ANY,Algorithmic Analysis,11/29/2016,2
Stock,ANY,ANY,Algorithmic Trading Strategy,11/29/2016,2
Stock,ANY,ANY,Asset Allocation Models,11/29/2016,2
stock,ANY,ANY,Automated Trader,11/29/2016,2
Stock,ANY,ANY,Automated Trading,11/29/2016,2
Stock,ANY,ANY,Best Asset Allocation Models,11/29/2016,2
Stock,ANY,ANY,Best Asset Forecast,11/29/2016,2
Stock,ANY,ANY,Best Asset Outlook,11/29/2016,2
Stock,ANY,ANY,Best Asset Prediction,11/29/2016,2
Stock,ANY,ANY,Best Assets To Buy,11/29/2016,2
Stock,ANY,ANY,Best Growth Stocks,11/29/2016,2
Stock,ANY,ANY,Best Investments,11/29/2016,2
Stock,ANY,ANY,Best Long Term Investments,11/29/2016,2
Stock,ANY,ANY,Best Performing Stocks,11/29/2016,2
Stock,ANY,ANY,Best Predicted Stocks,11/29/2016,2
stock,ANY,ANY,Best Short Term Investment,11/29/2016,2
Stock,ANY,ANY,Best Short Term Stocks,11/29/2016,2
Stock,ANY,ANY,Best Stocks,11/29/2016,2
Stock,ANY,ANY,Best Stocks To Buy In 2016,11/29/2016,2
Stock,ANY,ANY,Big Data Stock Market,11/29/2016,2
Stock,ANY,ANY,Capital Gains,11/29/2016,2
Stock,ANY,ANY,Capital Gains Rate,11/29/2016,2
Stock,ANY,ANY,Capital Gains Rate 2016,11/29/2016,2
Stock,ANY,ANY,Computer Market Share,11/29/2016,2
Stock,ANY,ANY,Daily Market Forecast,11/29/2016,2
Stock,ANY,ANY,Data Mining Algorithms,11/29/2016,2
Stock,ANY,ANY,Equity Investment,11/29/2016,2
Stock,ANY,ANY,Equity Market,11/29/2016,2
Stock,ANY,ANY,Equity Trading,11/29/2016,2
Stock,ANY,ANY,Forecast Methods,11/29/2016,2
Currency,ANY,ANY,Forex Trading,11/29/2016,2
Stock,ANY,ANY,Good Shares To Buy,11/29/2016,2
Stock,ANY,ANY,Good Short Term Stocks,11/29/2016,2
Index,ANY,ANY,Index Trading,11/29/2016,2
Index,ANY,ANY,Indices Investing,11/29/2016,2
Index,ANY,ANY,Indices Trends,11/29/2016,2
Stock,ANY,ANY,Investing In Equities,11/29/2016,2
Index,ANY,ANY,Investing In Indexes,11/29/2016,2
Index,ANY,ANY,Investing In Indices,11/29/2016,2
Stock,ANY,ANY,Investing In Stock Market,11/29/2016,2
Stock,ANY,ANY,Machine Learning For Trading,11/29/2016,2
Stock,ANY,ANY,Market Barometer,11/29/2016,2
Stock,ANY,ANY,Market Dynamics,11/29/2016,2
Stock,ANY,ANY,Market Forecasts,11/29/2016,2
Index,ANY,ANY,Market Indices To Buy,11/29/2016,2
Stock,ANY,ANY,Market Mover,11/29/2016,2
Stock,ANY,ANY,Market Movers,11/29/2016,2
Stock,ANY,ANY,Momentum Investing,11/29/2016,2
Stock,ANY,ANY,Momentum Strategy,11/29/2016,2
stock,ANY,ANY,Neural Network Stock Price Prediction,11/29/2016,2
Stock,ANY,ANY,Neural Network Time Series Forecasting Of Financial Markets,11/29/2016,2
Stock,ANY,ANY,Optimal Investment,11/29/2016,2
Stock,ANY,ANY,Pc Market Share,11/29/2016,2
Stock,ANY,ANY,Picking Stocks,11/29/2016,2
Stock,ANY,ANY,Portfolio Optimization,11/29/2016,2
Stock,ANY,ANY,Position Trading,11/29/2016,2
Stock,ANY,ANY,Predicting Markets,11/29/2016,2
Stock,ANY,ANY,Predictive Analytics,11/29/2016,2
Stock,ANY,ANY,Quant Analysis,11/29/2016,2
Stock,ANY,ANY,Quant Finance,11/29/2016,2
Stock,ANY,ANY,Quant Investing,11/29/2016,2
Stock,ANY,ANY,Quant Technologies Analysis,11/29/2016,2
Stock,ANY,ANY,Quant Trader,11/29/2016,2
Stock,ANY,ANY,Quantitative Analysis,11/29/2016,2
Stock,ANY,ANY,Quantitative Finance,11/29/2016,2
Stock,ANY,ANY,Quantitative Investing,11/29/2016,2
Stock,ANY,ANY,Quantitative Investment,11/29/2016,2
Stock,ANY,ANY,Quantitative Market Research,11/29/2016,2
Stock,ANY,ANY,Short Sale Stock,11/29/2016,2
Stock,ANY,ANY,Short Term Capital Gain,11/29/2016,2
Stock,ANY,ANY,Short Term Savings Options,11/29/2016,2
stock,ANY,ANY,Short Term Stock,11/29/2016,2
stock,ANY,ANY,Short Term Trade,11/29/2016,2
Stock,ANY,ANY,Shorting A Stock,11/29/2016,2
Index,ANY,ANY,Stock Market Indexes,11/29/2016,2
Index,ANY,ANY,Stock Market Indices,11/29/2016,2
Stock,ANY,ANY,Stock Market Investment,11/29/2016,2
Stock,ANY,ANY,Stock Market Movers,11/29/2016,2
Stock,ANY,ANY,Stock Market Report,11/29/2016,2
Stock,ANY,ANY,Stock Market Trends,11/29/2016,2
Stock,ANY,ANY,Stock Pattern Recognition,11/29/2016,2
Stock,ANY,ANY,Stock Picks,11/29/2016,2
Stock,ANY,ANY,Stock Portfolio,11/29/2016,2
Stock,ANY,ANY,Stock Ratings,11/29/2016,2
Stock,ANY,ANY,Stock Recommendations Using Predictive Algorithms,11/29/2016,2
Stock,ANY,ANY,Stock Trading Algorithm,11/29/2016,2
Stock,ANY,ANY,Stock Trading Strategies,11/29/2016,2
Stock,ANY,ANY,Stock Winners,11/29/2016,2
Stock,ANY,ANY,Stocks To Watch,11/29/2016,2
Stock,ANY,ANY,Swing Trading Strategies,11/29/2016,2
Stock,ANY,ANY,Swing Trading Strategy,11/29/2016,2
Stock,ANY,ANY,Top Asset Allocation Models,11/29/2016,2
Stock,ANY,ANY,Top Market Mover,11/29/2016,2
Stock,ANY,ANY,Top Rated Stock,11/29/2016,2
Stock,ANY,ANY,Top Shares To Buy,11/29/2016,2
Stock,ANY,ANY,Top Stocks,11/29/2016,2
Stock,ANY,ANY,Top Stocks To Buy,11/29/2016,2
Stock,ANY,ANY,Trend Following Strategy,11/29/2016,2
Stock,Apple Stock Forecasts,ANY,Aapl Forecast,11/29/2016,1
Stock,Apple Stock Forecasts,ANY,Aapl Outlook,11/29/2016,1
Stock,Apple Stock Forecasts,ANY,Aapl Prediction,11/29/2016,1
Stock,Apple Stock Forecasts,ANY,Apple Stock Forecast,11/29/2016,1
Stock,Apple Stock Forecasts,ANY,Aapl News,11/29/2016,2
Stock,Apple Stock Forecasts,ANY,Aapl Price,11/29/2016,2
Stock,Apple Stock Forecasts,ANY,Aapl Trend,11/29/2016,2
Stock,Apple Stock Forecasts,ANY,Apple Stock News,11/29/2016,2
Stock,Apple Stock Forecasts,ANY,Apple Stock Outlook,11/29/2016,2
Stock,Apple Stock Forecasts,ANY,Apple Stock Predictions,11/29/2016,2
Stock,Apple Stock Forecasts,ANY,Apple Stock Price,11/29/2016,2
Stock,Apple Stock Forecasts,ANY,Apple Stock Trend,11/29/2016,2
Stock,Bank Stock Forecast,ANY,Bank Stocks To Invest In,11/29/2016,1
Stock,Bank Stock Forecast,ANY,Best Stocks,11/29/2016,2
Stock,Bank Stock Forecast,ANY,Bank Stocks To Watch,11/29/2016,2
Stock,Bank Stock Forecast,ANY,Best Bank Stocks To Buy,11/29/2016,2
Stock,Bank Stock Forecast,ANY,Best Performing Bank Stocks,11/29/2016,2
Stock,Bank Stock Forecast,ANY,Investing In Bank Stocks,11/29/2016,2
Stock,Bank Stock Forecast,ANY,Quantitative Trading,11/29/2016,2
Stock,Bank Stock Forecast,ANY,Top 10 Bank Stocks,11/29/2016,2
Stock,Bank Stock Forecast,ANY,Top 20 Bank Stocks,11/29/2016,2
Stock,Bank Stock Forecast,ANY,Top Bank Stocks,11/29/2016,2
Stock,Bank Stock Forecast,ANY,Top Bank Stocks To Invest,11/29/2016,2
Stock,Bank Stock Forecast,ANY,Top Performing Bank Stocks,11/29/2016,2
Stock,Basic Industry Forecast,ANY,Basic Industry Stocks,11/29/2016,2
Stock,Basic Industry Forecast,ANY,Good Stocks,11/29/2016,2
stock,Basic Industry Forecast,ANY,Industrial Stocks,11/29/2016,2
Stock,Basic Industry Forecast,ANY,Industry Stocks,11/29/2016,2
Stock,Biotech Stocks Forecast,ANY,Best Performing Biotech Stocks,11/29/2016,2
Stock,Biotech Stocks Forecast,ANY,Bio Tech Stocks,11/29/2016,2
Stock,Biotech Stocks Forecast,ANY,Biotech Stocks,11/29/2016,2
Stock,Biotech Stocks Forecast,ANY,Investing In Biotech Stocks,11/29/2016,2
Stock,Biotech Stocks Forecast,ANY,Top 10 Biotech Stocks,11/29/2016,2
Stock,Biotech Stocks Forecast,ANY,Top 20 Bio Tech Stocks,11/29/2016,2
Stock,Biotech Stocks Forecast,ANY,Top 20 Biotech Stocks,11/29/2016,2
Stock,Biotech Stocks Forecast,ANY,Top Bio Tech Stocks,11/29/2016,2
Stock,Biotech Stocks Forecast,ANY,Top Performing Biotech Stocks,11/29/2016,2
Stock,Brazil Stock Forecast,ANY,Best Brazilian Stocks,11/29/2016,2
Stock,Brazil Stock Forecast,ANY,Best Brazilian Stocks To Buy,11/29/2016,2
Stock,Brazil Stock Forecast,ANY,Best Performing Brazilian Stocks,11/29/2016,2
Stock,Brazil Stock Forecast,ANY,Brazilian Stocks,11/29/2016,2
Stock,Brazil Stock Forecast,ANY,Brazilian Stocks To Buy,11/29/2016,2
Stock,Brazil Stock Forecast,ANY,Brazilian Stocks To Invest In,11/29/2016,2
Stock,Brazil Stock Forecast,ANY,Investing In Brazilian Stocks,11/29/2016,2
Stock,Brazil Stock Forecast,ANY,Top 10 Brazilian Stocks,11/29/2016,2
Stock,Brazil Stock Forecast,ANY,Top 20 Brazilian Stocks,11/29/2016,2
Stock,Brazil Stock Forecast,ANY,Top Brazilian Stocks,11/29/2016,2
Stock,Brazil Stock Forecast,ANY,Top Performing Brazilian Stocks,11/29/2016,2
Stock,Canadian Stock Forecast,ANY,Best Canadian Stocks To Buy,11/29/2016,2
Stock,Canadian Stock Forecast,ANY,Best Performing Canadian Stocks,11/29/2016,2
Stock,Canadian Stock Forecast,ANY,Canadian Stocks To Buy,11/29/2016,2
Stock,Canadian Stock Forecast,ANY,Canadian Stocks To Invest In,11/29/2016,2
Stock,Canadian Stock Forecast,ANY,Investing In Canadian Stocks,11/29/2016,2
Stock,Canadian Stock Forecast,ANY,Top 10 Canadian Stocks,11/29/2016,2
Stock,Canadian Stock Forecast,ANY,Top 20 Canadian Stocks,11/29/2016,2
Stock,Canadian Stock Forecast,ANY,Top Canadian Stocks,11/29/2016,2
Stock,Canadian Stock Forecast,ANY,Top Canadian Stocks To Invest,11/29/2016,2
Stock,Canadian Stock Forecast,ANY,Top Performing Canadian Stocks,11/29/2016,2
Stock,Chinese Stock Forecast,ANY,Best Chinese Stocks,11/29/2016,2
Stock,Chinese Stock Forecast,ANY,Best Chinese Stocks To Buy,11/29/2016,2
Stock,Chinese Stock Forecast,ANY,Best Hong Kong Stocks,11/29/2016,2
Stock,Chinese Stock Forecast,ANY,Best Performing Chinese Stocks,11/29/2016,2
Stock,Chinese Stock Forecast,ANY,Chinese Stocks,11/29/2016,2
Stock,Chinese Stock Forecast,ANY,Chinese Stocks To Buy,11/29/2016,2
Stock,Chinese Stock Forecast,ANY,Chinese Stocks To Invest In,11/29/2016,2
Stock,Chinese Stock Forecast,ANY,Hk Stock Exchange,11/29/2016,2
Stock,Chinese Stock Forecast,ANY,Hongkong Stock Exchange,11/29/2016,2
Stock,Chinese Stock Forecast,ANY,Investing In Chinese Stocks,11/29/2016,2
Stock,Chinese Stock Forecast,ANY,Top 10 Chinese Stocks,11/29/2016,2
Stock,Chinese Stock Forecast,ANY,Top 20 Chinese Stocks,11/29/2016,2
Stock,Chinese Stock Forecast,ANY,Top Chinese Stocks,11/29/2016,2
Stock,Chinese Stock Forecast,ANY,Top Performing Chinese Stocks,11/29/2016,2
Stock,Computer Industry,ANY,Pc Share,11/29/2016,2
Stock,Computer Industry,ANY,Computer Shares,11/29/2016,2
Stock,Computer Industry,ANY,Computer Stock Trading,11/29/2016,2
Stock,Computer Industry,ANY,Computer Stocks,11/29/2016,2
stock,Conservative Stock Forecast,ANY,Low Risk Stocks,11/29/2016,2
Stock,Conservative Stock Forecast,ANY,Best Conservative Investment Strategy,11/29/2016,2
Stock,Conservative Stock Forecast,ANY,Best Conservative Stocks,11/29/2016,2
Stock,Conservative Stock Forecast,ANY,Best Defensive Stocks To Buy,11/29/2016,2
Stock,Conservative Stock Forecast,ANY,Best Defensive Stocks To Invest,11/29/2016,2
Stock,Conservative Stock Forecast,ANY,Conservative Investing,11/29/2016,2
Stock,Conservative Stock Forecast,ANY,Conservative Investment Strategy,11/29/2016,2
Stock,Conservative Stock Forecast,ANY,Conservative Investments,11/29/2016,2
Stock,Conservative Stock Forecast,ANY,Conservative Stocks,11/29/2016,2
Stock,Conservative Stock Forecast,ANY,Conservative Stocks Forecast,11/29/2016,2
Stock,Conservative Stock Forecast,ANY,Conservative Stocks Outlook,11/29/2016,2
Stock,Conservative Stock Forecast,ANY,Conservative Stocks Predictions,11/29/2016,2
Stock,Conservative Stock Forecast,ANY,Conservative Stocks To Buy,11/29/2016,2
Stock,Conservative Stock Forecast,ANY,Conservative Stocks To Invest,11/29/2016,2
Stock,Conservative Stock Forecast,ANY,Conservative Stocks Trends,11/29/2016,2
Stock,Conservative Stock Forecast,ANY,Conservative Trading,11/29/2016,2
Stock,Conservative Stock Forecast,ANY,Defensive Investing,11/29/2016,2
Stock,Conservative Stock Forecast,ANY,Defensive Investment Strategy,11/29/2016,2
Stock,Conservative Stock Forecast,ANY,Defensive Stocks,11/29/2016,2
Stock,Conservative Stock Forecast,ANY,Defensive Stocks Forecast,11/29/2016,2
Stock,Conservative Stock Forecast,ANY,Defensive Stocks Outlook,11/29/2016,2
Stock,Conservative Stock Forecast,ANY,Defensive Stocks Predictions,11/29/2016,2
Stock,Conservative Stock Forecast,ANY,Defensive Stocks To Buy,11/29/2016,2
Stock,Conservative Stock Forecast,ANY,Defensive Stocks To Invest,11/29/2016,2
Stock,Conservative Stock Forecast,ANY,Defensive Stocks Trends,11/29/2016,2
Stock,Conservative Stock Forecast,ANY,Defensive Trading,11/29/2016,2
Stock,Conservative Stock Forecast,ANY,Low Risk Trading,11/29/2016,2
Stock,Conservative Stock Forecast,ANY,Top Conservative Investment Strategies,11/29/2016,2
Stock,Conservative Stock Forecast,ANY,Top Conservative Stocks,11/29/2016,2
Stock,Conservative Stock Forecast,ANY,Top Defensive Stocks,11/29/2016,2
Stock,Conservative Stock Forecast,ANY,Defensive Investment,11/29/2016,2
Stock,Consumer Stocks,ANY,Stock Alerts,11/29/2016,2
Stock,Consumer Stocks,ANY,Stock Market Precitions,11/29/2016,2
Currency,Currency Forecast,ANY,Best Currency Pairs,11/29/2016,2
Currency,Currency Forecast,ANY,Currency Picks,11/29/2016,2
Currency,Currency Forecast,ANY,Currency Prediction,11/29/2016,2
Currency,Currency Forecast,ANY,Currency Prices,11/29/2016,2
Currency,Currency Forecast,ANY,Currency Trading,11/29/2016,2
Currency,Currency Forecast,ANY,Currency Trends,11/29/2016,2
Currency,Currency Forecast,ANY,Eur Jpy Forecast,11/29/2016,2
Currency,Currency Forecast,ANY,Eur Jpy Outlook,11/29/2016,2
Currency,Currency Forecast,ANY,Eur Jpy Prediction,11/29/2016,2
Currency,Currency Forecast,ANY,Eur Usd Forecast,11/29/2016,2
Currency,Currency Forecast,ANY,Eur Usd Outlook,11/29/2016,2
Currency,Currency Forecast,ANY,Eur Usd Prediction,11/29/2016,2
Currency,Currency Forecast,ANY,Foreign Exchange Outlook,11/29/2016,2
Currency,Currency Forecast,ANY,Foreign Exchange Predictions,11/29/2016,2
Currency,Currency Forecast,ANY,Foreign Exchange Trading,11/29/2016,2
Currency,Currency Forecast,ANY,Foreing Exchange Forecast,11/29/2016,2
Currency,Currency Forecast,ANY,Forex Predictions,11/29/2016,2
Currency,Currency Forecast,ANY,Usd Jpy Forecast,11/29/2016,2
Currency,Currency Forecast,ANY,Usd Jpy Outlook,11/29/2016,2
Currency,Currency Forecast,ANY,Usd Jpy Prediction,11/29/2016,2
Currency,Currency Forecast,ANY,Usd Jpy Trend,11/29/2016,2
Stock,Dividend Stocks Forecast,ANY,Best Investments Based On Algorithms,11/29/2016,2
Stock,Dividend Stocks Forecast,ANY,Dividend Paying Stocks,11/29/2016,2
Stock,Dividend Stocks Forecast,ANY,Dividend Stock Predictions,11/29/2016,2
Stock,Dividend Stocks Forecast,ANY,Dividend Stock Trends,11/29/2016,2
Stock,Dividend Stocks Forecast,ANY,Dividend Stocks Forecast,11/29/2016,2
Stock,Dividend Stocks Forecast,ANY,Dividend Stocks Outlook,11/29/2016,2
Stock,Dividend Stocks Forecast,ANY,Top 10 Dividend Stocks,11/29/2016,2
Stock,Dividend Stocks Forecast,ANY,Top 20 Dividend Stocks,11/29/2016,2
Stock,Dividend Stocks Forecast,ANY,Top Dividend Paying Stocks,11/29/2016,2
Stock,Dividend Stocks Forecast,ANY,Top Paying Dividend Stocks,11/29/2016,2
Stock,Energy Stocks Forecast,ANY,Best Energy Stocks,11/29/2016,2
Stock,Energy Stocks Forecast,ANY,Best Energy Stocks To Buy,11/29/2016,2
Stock,Energy Stocks Forecast,ANY,Buy Energy Stocks,11/29/2016,2
stock,Energy Stocks Forecast,ANY,Energy Stocks To Watch,11/29/2016,2
Stock,Energy Stocks Forecast,ANY,Top Energy Stocks,11/29/2016,2
ETF,ETF's Forecast,ANY,Best Etfs To Buy,11/29/2016,2
ETF,ETF's Forecast,ANY,Best Etfs To Invest,11/29/2016,2
ETF,ETF's Forecast,ANY,Etf Forecasts,11/29/2016,2
ETF,ETF's Forecast,ANY,Etf Investment,11/29/2016,2
ETF,ETF's Forecast,ANY,Etf Trading Strategies,11/29/2016,2
ETF,ETF's Forecast,ANY,Etf Trends,11/29/2016,2
ETF,ETF's Forecast,ANY,Top Etfs,11/29/2016,2
ETF,ETF's Forecast,ANY,Top Performing Etfs,11/29/2016,2
Stock,European Stock Forecast,ANY,European Shares To Buy,11/29/2016,2
Stock,European Stock Forecast,ANY,European Stock Market,11/29/2016,2
Stock,European Stock Forecast,ANY,European Stock Predictions,11/29/2016,2
Stock,European Stock Forecast,ANY,European Stock Trends,11/29/2016,2
Stock,European Stock Forecast,ANY,Top European Shares,11/29/2016,2
Stock,European Stock Forecast,ANY,Top European Stocks To Buy,11/29/2016,2
Stock,European Stock Forecast,ANY,European Equities,11/29/2016,2
Stock,French Stock Forecast,ANY,Best French Stocks,11/29/2016,2
Stock,French Stock Forecast,ANY,French Stock Market,11/29/2016,2
Stock,German Stock Forecast,ANY,Best German Stocks,11/29/2016,2
Stock,German Stock Forecast,ANY,German Stock Market,11/29/2016,2
Stock,Healthcare,ANY,Investing In Healthcare,11/29/2016,2
Stock,Healthcare,ANY,Top Health Insurance Companies,11/29/2016,2
Stock,Healthcare,ANY,Best Asset Allocation Model,11/29/2016,2
Stock,Healthcare,ANY,Best Healthcare Stocks,11/29/2016,2
Stock,Healthcare,ANY,Best Healthcare Stocks To Buy,11/29/2016,2
Stock,Healthcare,ANY,Best Long Term Health Stocks,11/29/2016,2
Stock,Healthcare,ANY,Healthcare Sector Stocks,11/29/2016,2
Stock,Healthcare,ANY,Healthcare Stock Picks,11/29/2016,2
Stock,Healthcare,ANY,Healthcare Stocks,11/29/2016,2
Stock,Healthcare,ANY,Quantum Trading,11/29/2016,2
Stock,Healthcare,ANY,Top Healthcare Stocks,11/29/2016,2
Index,Indices Forecast,ANY,World Indices Forecasts,11/29/2016,1
Index,Indices Forecast,ANY,Global Stock Market,11/29/2016,2
Index,Indices Forecast,ANY,Major World Indexes,11/29/2016,2
Index,Indices Forecast,ANY,Major World Indices,11/29/2016,2
Index,Indices Forecast,ANY,World Indexes,11/29/2016,2
Index,Indices Forecast,ANY,World Indices,11/29/2016,2
Index,Indices Forecast,ANY,World Indices Investing,11/29/2016,2
Index,Indices Forecast,ANY,World Indices Outlook,11/29/2016,2
Index,Indices Forecast,ANY,World Indices Predictions,11/29/2016,2
Index,Indices Forecast,ANY,World Indices Trends,11/29/2016,2
Index,Indices Forecast,ANY,World Share Market,11/29/2016,2
Stock,Insurance Companies Forecast,ANY,Best Insurance Stocks,11/29/2016,2
Stock,Insurance Companies Forecast,ANY,Health Insurance Stocks,11/29/2016,2
Stock,Insurance Companies Forecast,ANY,Insurance Company Stocks,11/29/2016,2
Stock,Insurance Companies Forecast,ANY,Insurance Industry Stocks,11/29/2016,2
Stock,Insurance Companies Forecast,ANY,Insurance Stocks,11/29/2016,2
Stock,Insurance Companies Forecast,ANY,Stock Insurance,11/29/2016,2
Stock,Insurance Companies Forecast,ANY,Stock Insurance Company,11/29/2016,2
Stock,Insurance Companies Forecast,ANY,Stock Life Insurance Companies,11/29/2016,2
Stock,Insurance Companies Forecast,ANY,Top 10 Insurance Companies,11/29/2016,2
Index,Interest Rates Forecast,ANY,Interest Rate Development,11/29/2016,2
Index,Interest Rates Forecast,ANY,Interest Rate Forecast,11/29/2016,2
Index,Interest Rates Forecast,ANY,Interest Rate Investment,11/29/2016,2
Index,Interest Rates Forecast,ANY,Interest Rate Opportunities,11/29/2016,2
Index,Interest Rates Forecast,ANY,Interest Rate Outlook,11/29/2016,2
Index,Interest Rates Forecast,ANY,Interest Rate Prediction,11/29/2016,2
Index,Interest Rates Forecast,ANY,Interest Rate Trading,11/29/2016,2
Index,Interest Rates Forecast,ANY,Interest Rate Trends,11/29/2016,2
Stock,International Stocks,ANY,Global Stock Market,11/29/2016,2
Stock,International Stocks,ANY,Best International Stocks,11/29/2016,2
Stock,International Stocks,ANY,International Stock Forecast,11/29/2016,2
Stock,International Stocks,ANY,International Stock Outlook,11/29/2016,2
Stock,International Stocks,ANY,International Stock Predictions,11/29/2016,2
Stock,International Stocks,ANY,International Stock Trading,11/29/2016,2
Stock,International Stocks,ANY,International Stock Trends,11/29/2016,2
Stock,International Stocks,ANY,International Stocks Forecast,11/29/2016,2
Stock,International Stocks,ANY,International Stocks Outlook,11/29/2016,2
Stock,Israeli Stocks,ANY,Best Israeli Stocks,11/29/2016,2
Stock,Israeli Stocks,ANY,Israeli Stocks,11/29/2016,2
Stock,Italy,ANY,Best Italian Stocks,11/29/2016,2
Stock,Italy,ANY,Best Italian Stocks To Buy,11/29/2016,2
Stock,Italy,ANY,Best Performing Italian Stocks,11/29/2016,2
Stock,Italy,ANY,Italian Stocks,11/29/2016,2
Stock,Italy,ANY,Italian Stocks To Buy,11/29/2016,2
Stock,Italy,ANY,Italian Stocks To Invest In,11/29/2016,2
Stock,Italy,ANY,Top 10 Italian Stocks,11/29/2016,2
Stock,Italy,ANY,Top 20 Italian Stocks,11/29/2016,2
Stock,Italy,ANY,Top Performing Italian Stocks,11/29/2016,2
Stock,Mega Cap Forecast,ANY,Blue Chip Picks,11/29/2016,2
Stock,Mega Cap Forecast,ANY,Blue Chip Stocks Forecast,11/29/2016,2
Stock,Mega Cap Forecast,ANY,Blue Chip Stocks Outlook,11/29/2016,2
Stock,Mega Cap Forecast,ANY,Blue Chip Stocks Predictions,11/29/2016,2
Stock,Mega Cap Forecast,ANY,Blue Chip Stocks Trends,11/29/2016,2
Stock,Mega Cap Forecast,ANY,Mega Cap Companies,11/29/2016,2
Stock,Mega Cap Forecast,ANY,Mega Cap Forecast,11/29/2016,2
Stock,Mega Cap Forecast,ANY,Mega Cap Outlook,11/29/2016,2
Stock,Mega Cap Forecast,ANY,Mega Cap Predictions,11/29/2016,2
Stock,Mega Cap Forecast,ANY,Mega Cap Stock Forecast,11/29/2016,2
Stock,Mega Cap Forecast,ANY,Top Blue Chip Stocks,11/29/2016,2
Commodity,Oil Forecast,ANY,Crude Oil Forecast,11/29/2016,2
Commodity,Oil Forecast,ANY,Crude Oil Outlook,11/29/2016,2
Commodity,Oil Forecast,ANY,Crude Oil Prediction,11/29/2016,2
Commodity,Oil Forecast,ANY,Crude Oil Trend,11/29/2016,2
Commodity,Oil Forecast,ANY,Oil Price Forecast,11/29/2016,2
Commodity,Oil Forecast,ANY,Oil Price Outlook,11/29/2016,2
Commodity,Oil Forecast,ANY,Oil Price Trend,11/29/2016,2
Commodity,Oil Forecast,ANY,Oil Price Predictions,11/29/2016,2
Stock,Options,ANY,Algorithmic Options Forecast,11/29/2016,2
Stock,Options,ANY,Best Options To Long,11/29/2016,2
Stock,Options,ANY,Best Options To Sell,11/29/2016,2
Stock,Options,ANY,Best Options To Short,11/29/2016,2
stock,Options,ANY,Options Screener,11/29/2016,2
Stock,Options,ANY,Short Term Capital Gains On Shares,11/29/2016,2
Stock,Pharma Stocks Forecast,ANY,Best Pharma Stocks,11/29/2016,2
Stock,Pharma Stocks Forecast,ANY,Best Pharmaceutical Stocks,11/29/2016,2
Stock,Pharma Stocks Forecast,ANY,Pharmaceutical Companies,11/29/2016,2
Stock,Pharma Stocks Forecast,ANY,Pharmaceutical Stocks,11/29/2016,2
Stock,Pharma Stocks Forecast,ANY,Pharmaceutical Stocks To Buy,11/29/2016,2
Stock,Pharma Stocks Forecast,ANY,Top Pharmaceutical Companies,11/29/2016,2
Stock,Small Cap Forecast,ANY,Best Performing Small Cap Stocks,11/29/2016,2
Stock,Small Cap Forecast,ANY,Best Small Cap Shares,11/29/2016,2
Stock,Small Cap Forecast,ANY,Best Small Cap Stocks,11/29/2016,2
Stock,Small Cap Forecast,ANY,Growth Investing,11/29/2016,2
Stock,Small Cap Forecast,ANY,Investing In Small Cap Stocks,11/29/2016,2
Stock,Small Cap Forecast,ANY,Small Cap Forecast,11/29/2016,2
Stock,Small Cap Forecast,ANY,Small Cap Investing,11/29/2016,2
Stock,Small Cap Forecast,ANY,Small Cap Outlook,11/29/2016,2
Stock,Small Cap Forecast,ANY,Small Cap Predictions,11/29/2016,2
Stock,Small Cap Forecast,ANY,Small Cap Stock Picks,11/29/2016,2
Stock,Small Cap Forecast,ANY,Small Cap Stocks To Invest In,11/29/2016,2
Stock,Small Cap Forecast,ANY,Small Cap Trading,11/29/2016,2
Stock,Small Cap Forecast,ANY,Small Cap Trends,11/29/2016,2
Stock,Small Cap Forecast,ANY,Small Caps Forecast,11/29/2016,2
Stock,Small Cap Forecast,ANY,Small Caps Outlook,11/29/2016,2
Stock,Small Cap Forecast,ANY,Small Caps Predictions,11/29/2016,2
Stock,Small Cap Forecast,ANY,Small Caps Trading,11/29/2016,2
Stock,Small Cap Forecast,ANY,Top 10 Small Cap Stocks,11/29/2016,2
Stock,Small Cap Forecast,ANY,Top Small Cap Stocks,11/29/2016,2
Stock,Small Cap Forecast,ANY,Top Ten Small Cap Stocks,11/29/2016,2
stock,Stock Forecast & S&P500 Forecast,ANY,Stock Volatility,11/29/2016,2
stock,Stock Forecast & S&P500 Forecast,ANY,Automated Trading,11/29/2016,2
Stock,Stock Forecast & S&P500 Forecast,ANY,Best Investments,11/29/2016,2
Stock,Stock Forecast & S&P500 Forecast,ANY,Market Mover,11/29/2016,2
Stock,Stock Forecast & S&P500 Forecast,ANY,Best Sp 500 Stocks,11/29/2016,2
Stock,Stock Forecast & S&P500 Forecast,ANY,S&P 500 Forecast,11/29/2016,2
Index,Stock Forecast & S&P500 Forecast,ANY,S&P500 Forecast,11/29/2016,2
Index,Stock Forecast & S&P500 Forecast,ANY,S&P500 Outlook,11/29/2016,2
Index,Stock Forecast & S&P500 Forecast,ANY,S&P500 Predictions,11/29/2016,2
Stock,Stock Forecast & S&P500 Forecast,ANY,Top 20 Stocks,11/29/2016,2
Stock,Stocks Under $10,ANY,Market Forecasts,11/29/2016,2
Stock,Stocks Under $10,ANY,Good Stocks Under $10,11/29/2016,2
Stock,Stocks Under $10,ANY,Hot Stocks,11/29/2016,2
Stock,Stocks Under $10,ANY,Hot Stocks To Buy,11/29/2016,2
Stock,Stocks Under $5,ANY,Best Stocks Under $5,11/29/2016,2
Stock,Stocks Under $5,ANY,Good Stocks Under $5,11/29/2016,2
Stock,Stocks Under $5,ANY,Top Stocks Under $5,11/29/2016,2
Stock,Tech Stocks Forecast,ANY,Best Investments,11/29/2016,2
Stock,Tech Stocks Forecast,ANY,Advanced Computer Trading,11/29/2016,2
Stock,Tech Stocks Forecast,ANY,Best Tech Stocks To Invest In,11/29/2016,2
Stock,Tech Stocks Forecast,ANY,Prediction Markets,11/29/2016,2
Stock,Tech Stocks Forecast,ANY,Predictive Analytics Report,11/29/2016,2
Stock,Tech Stocks Forecast,ANY,Tech Stock Market Forecast,11/29/2016,2
Stock,Tech Stocks Forecast,ANY,Tech Stock Market Outlook,11/29/2016,2
Stock,Tech Stocks Forecast,ANY,Tech Stock Market Prediction,11/29/2016,2
Stock,Tech Stocks Forecast,ANY,Tech Stock To Watch,11/29/2016,2
Stock,Tech Stocks Forecast,ANY,Tech Stocks To Buy,11/29/2016,2
Stock,Tech Stocks Forecast,ANY,Tech Stocks To Watch,11/29/2016,2
Stock,Tech Stocks Forecast,ANY,Top Tech Stock,11/29/2016,2
Stock,Tech Stocks Forecast,ANY,Top Tech Stocks,11/29/2016,2
Stock,Tech Stocks Forecast,ANY,Top Technology Stocks,11/29/2016,2
Stock,Tech Stocks Forecast,ANY,Value Stocks,11/29/2016,2
Stock,Transportation Stocks,ANY,Transport Stock,11/29/2016,2
Stock,Transportation Stocks,ANY,Transport Stocks,11/29/2016,2
Stock,Transportation Stocks,ANY,Best Transportation Stocks,11/29/2016,2
Stock,Transportation Stocks,ANY,Transportation Stock,11/29/2016,2
Index,US Sector Indices Forecast,ANY,Stock Sectors,11/29/2016,2
Index,Volatility Forecast,ANY,Volatility Prediction,11/29/2016,2
Index,Volatility Forecast,ANY,Volatility Trading,11/29/2016,2
Index,Volatility Forecast,ANY,Volatility Trend,11/29/2016,2
Index,Volatility Forecast,ANY,Volatility Trends,11/29/2016,2
stock,Warren Buffett Portfolio,ANY,Warren Buffett Advice,11/29/2016,2
Stock,Warren Buffett Portfolio,ANY,Warren Buffett Holdings,11/29/2016,2
Stock,Warren Buffett Portfolio,ANY,Warren Buffett Investment Strategy,11/29/2016,2
Stock,Warren Buffett Portfolio,ANY,Warren Buffett Investments,11/29/2016,2
Stock,Warren Buffett Portfolio,ANY,Warren Buffett Portfolios,11/29/2016,2
Stock,Warren Buffett Portfolio,ANY,Warren Buffett Stock,11/29/2016,2
Stock,Warren Buffett Portfolio,ANY,Warren Buffett Stock Forecast,11/29/2016,2
Stock,Warren Buffett Portfolio,ANY,Warren Buffett Stock Outlook,11/29/2016,2
Stock,Warren Buffett Portfolio,ANY,Warren Buffett Stock Picks,11/29/2016,2
Stock,Warren Buffett Portfolio,ANY,Warren Buffett Stock Portfolio,11/29/2016,2
Stock,Warren Buffett Portfolio,ANY,Warren Buffett Stocks,11/29/2016,2
Commodity,Gold & Commodity Forecast,Commodities,Commodities Outlook,11/29/2016,1
Commodity,Gold & Commodity Forecast,Commodities,Commodity Forecast,11/29/2016,1
Commodity,Gold & Commodity Forecast,Commodities,Top Commodities,11/23/2016,1
Commodity,Gold & Commodity Forecast,Commodities,Commodity Prediction,11/29/2016,1
Commodity,Gold & Commodity Forecast,Commodities,Commodity Markets,11/24/2016,2
Commodity,Gold & Commodity Forecast,Commodities,Commodity Prices,11/25/2016,2
Commodity,Gold & Commodity Forecast,Commodities,Invest In Commodities,11/23/2016,2
Commodity,Gold & Commodity Forecast,Commodities,Investing In Commodities,11/29/2016,2
Commodity,Gold & Commodity Forecast,Commodities,Commodity Trading,11/29/2016,2
Commodity,Gold & Commodity Forecast,Gold Forecast,Gold Price Outlook,11/29/2016,1
Commodity,Gold & Commodity Forecast,Gold Forecast,Gold Prediction,11/29/2016,1
Commodity,Gold & Commodity Forecast,Gold Forecast,Gold Forecast,11/29/2016,1
Commodity,Gold & Commodity Forecast,Gold Forecast,Gold Price Forecast,11/29/2016,1
Commodity,Gold & Commodity Forecast,Gold Forecast,Gold Outlook,11/29/2016,1
Commodity,Gold & Commodity Forecast,Gold Forecast,Daily Gold Forecast,11/29/2016,2
Commodity,Gold & Commodity Forecast,Gold Forecast,Gold And Silver Forecast,11/29/2016,2
Commodity,Gold & Commodity Forecast,Gold Forecast,Gold And Silver Outlook,11/29/2016,2
Commodity,Gold & Commodity Forecast,Gold Forecast,Gold And Silver Predictions,11/29/2016,2
Commodity,Gold & Commodity Forecast,Gold Forecast,Gold Price Predictions,11/29/2016,2
Commodity,Gold & Commodity Forecast,Gold Forecast,Gold Price Trend,11/29/2016,2
Commodity,Gold & Commodity Forecast,Gold Forecast,Gold Prices,11/29/2016,2
Commodity,Gold & Commodity Forecast,Gold Forecast,Gold Silver & Oil Forecast,11/29/2016,2
Commodity,Gold & Commodity Forecast,Gold Forecast,Gold Silver & Oil Outlook,11/29/2016,2
Commodity,Gold & Commodity Forecast,Gold Forecast,Gold Silver & Oil Predictions,11/29/2016,2
Commodity,Gold & Commodity Forecast,Gold Forecast,Gold Silver & Oil Trends,11/29/2016,2
Commodity,Gold & Commodity Forecast,Gold Forecast,Invest In Gold,11/29/2016,2
Commodity,Gold & Commodity Forecast,Gold Forecast,Investing In Gold,11/29/2016,2
