Group,Category,Keyword
Stock,Apple,AAPL prediction
Stock,All,Algo Trading
Stock,Energy,Algo Trading
Stock,Conservative,Best Defensive Stocks
Stock,All,Best Shares To Buy
Commodity,Commodities,commodity prediction
Commodity,Gold Silver Oil,gold prediction
Stock,Aggressive,High Risk High Reward Stocks
Index,All,indices forecast
Stock,All,quant trading
Stock,Industry,Robo Advisor
stock,All,short term stock trading
Stock,All,short term stocks to buy
Stock,All,stock forecasting
Stock,All,stock market forecasting
Stock,All,stock market forecasting
stock,All,Stock Picking
Stock,Home Builders,Stock Selection
Stock,All,Stock-Picking
Stock,All,Top Stock Picks
Index,Volatility,volatility forecast
Stock,All,best stocks to buy
Stock,Dividend,best dividend stocks
stock,All,Robo Advisors
Stock,All,stock screener
Stock,All,Algorithmic Trading
stock,Under 5,algorithmic trading
Stock,All,swing trading
Stock,All,best shares to buy
Commodity,Gold Silver Oil,gold price forecast
Stock ,All,equity research
Commodity,Gold Silver Oil,gold forecast
Stock,All,Undervalued Stocks
Stock,Dividend,top dividend stocks
Stock,Warren Buffett,warren buffett portfolio
Stock,All,stock market predictions
Stock,Dividend,best dividend paying stocks
Stock,All,stock recommendations
ETF,ETF,etf screener
Stock,All,top stock research
Stock,All,Stock Market Forecast
ETF,ETF,best etf
ETF,ETF,best etfs
Currency,Currencies,forex forecast
Stock,Under 5,stock market analysis
Stock,All,stock research
Stock,52 Week Low,Trend Following
Stock,All,trend following
Stock,All,market forecast
Commodity,Gold Silver Oil,gold outlook
Stock,All,stock market outlook
Stock,Aggressive,Stock Scanner
Stock,All,best stock screener
Stock,Tech,Algorithmic Trading Software
Stock,All,best long term stocks
Stock,Tech,best tech stocks
Currency,Currencies,currency forecast
Stock,All,equity valuation
Stock,All,market predictions
Stock,All,stock forecast
Stock,BioTech,best biotech stocks
Stock,All,stock trends
Stock,All,top 10 stocks
Stock,Apple,apple stock forecast
Stock,Canadian,best canadian stocks
Stock,All,best shares
Stock,All,best stocks to invest
stock,All,Stock Finder
Commodity,Commodities,top commodities
Stock,All,algorithmic trading strategies
Stock,All,Most Undervalued Stocks
stock,All,short term trading
Stock,Bank,best bank stocks
Stock,Bank,Best Bank Stocks
Stock,Mega Cap,Best Blue Chip Stocks
Commodity,Gold Silver Oil,gold price outlook
Stock,All,Short term Stocks
Stock,Small Cap,Small Cap Stocks To Buy
Stock,All,systematic trading
stock,Under 10,systematic trading
Stock,All,stock market projections
Stock,all,algotrader
Stock,All,Machine Learning Trading
Stock,All,black box trading
Stock,BioTech,top biotech stocks
Stock,All,stock market algorithm
Stock,All,top rated stocks
Commodity,Commodities,commodity forecast
Stock,Bank,bank stocks to buy
Stock,Bank,Bank Stocks To Buy
Stock,BioTech,biotech stocks to buy
Commodity,Commodities,commodities outlook
Stock,All,Stock Market Prediction Algorithm
Stock,all,stock picking strategies
Stock,Options,Best Options To Buy
Stock,BioTech,biotech stocks to watch
Currency,Currencies,forex trends
Stock,all,stock pickers
Stock,All,Stock Trend Analysis
Stock,Apple,AAPL forecast
Currency,Currencies,currency outlook
Stock,Europe,best european stocks
Stock,Europe,European Stocks To Buy
Stock,All,long term stock picks
Index,Volatility,volatility forecasting
Currency,Currencies,forex outlook
stock,All,short term stock picks
ETF,ETF,top rated etfs
Stock,Apple,aapl predictions
Stock,All,big data trading
Stock,Mega Cap,Top 10 Blue Chip Stocks
Stock,Apple,AAPL outlook
Currency,Currencies,Currency Predictor
Stock,BioTech,best biotech stocks to buy
Stock,All,quantitive trading
Stock,All,bullish stocks to buy
Stock,all,stock picking algorithm
Stock,Options,Top Options To Buy
Stock,All,daily stock market predictions
Stock,BioTech,best bio tech stocks
ETF,ETF,etf forecast
ETF,ETF,etf outlook
stock,all,short term trading stocks
Stock,All,stock predictors
Stock,Tech,10 best tech stocks
Stock,Bank,Bank Stock Picks
Stock,Bank,bank stocks to invest in
Stock,Mega Cap,Best Mega Cap Stocks
Stock,BioTech,biotech stocks to invest in
Stock,All,systematic stock trading
Index,All,indices outlook
Index,All,indices predictions
Stock,All,Stock Picking By Using Big Data
Stock,All,stock valuation using algorithms
Stock,Aggressive,Using Genetic Algorithms To Forecast Financial Markets
Index,Worldwide,world indices forecast
Index,Worldwide,world indices forecasts
Stock,All,algorithm predictions
Stock,All,Algorithmic Analysis
Stock,All,algorithmic trading strategy
stock,all,automated trader
Stock,Healthcare,Best Asset Allocation Model
Stock,Conservative,Best Defensive Stocks to buy
Stock,Energy,best energy stocks
ETF,ETF,best etfs to buy
Stock,All,Best Stocks
Stock,Under 5,best stocks under $5
Stock,Tech,best tech stocks
Stock,Tech,best tech stocks
,Energy,buy energy stocks
Commodity,Commodities,commodity prices
Commodity,Commodities,commodity trading
Commodity,Commodities,commodity market
Commodity,Commodities,commodity markets
Stock,Computer,computer shares
Stock,computer,computer stock trading
Stock,computer,computer stocks
Commodity,Oil,crude oil prediction
Currency,Currencies,currency prediction
Stock,BioTech,Deep Value Stocks
Stock,Conservative,defensive investment
Stock,Conservative,defensive trading
stock,Energy,energy stocks to watch
ETF,ETF,etf investment
Stock,All,forecast methods
Stock,International,Global Stock Market
Index,Worldwide,global stock market
Commodity,Gold Silver Oil,gold prices
Stock,Under 10,good stocks under $10
Stock,healthcare,healthcare sector stocks
Stock,healthcare,healthcare stocks
Index,All,indices investing
stock,Industry,industrial stocks
Stock,Industry,industry stocks
Stock,Insurance,insurance stocks
Index,Interest Rates,Interest Rate prediction
Stock,International,international stock outlook
Commodity,Gold Silver Oil,invest in gold
Stock,healthcare,investing in healthcare
Index,All,investing in indices
stock,Conservative,low risk stocks
Stock,All,market forecasts
Stock,Under 10,market forecasts
Stock,All,market mover
Stock,Top Stocks + S&P500,market mover
Commodity,Oil,oil price predictions
Stock,computer,pc share
Stock,all,picking stocks
Stock,All,Quant Analysis
Stock,All,Quant Finance
Stock,all,quant trader
Stock,All,quantitative investment
Index,Top Stocks + S&P500,s&p500 forecast
Stock,All,short selling stock
Stock,Options,Short Term Capital Gains On Shares
Stock,All,short term investment
stock,all,short term investments
stock,All,short term stock
stock,All,short term trade
stock,All,short term trading strategies
Stock,Consumer,Stock Alerts
Stock,All,stock analysis software
Stock,Insurance,stock life insurance companies
Stock,Under 10,Stock Market Forecast
Index,All,stock market indexes
Index,All,stock market indices
Stock,All,stock picking
Stock,All,Stock Ranking
Stock,All,stock trading algorithm
stock,Top Stocks + S&P500,stock volatility
Stock,All,Swing Trading Strategy
Stock,Tech,tech stock to watch
Stock,Conservative,top Defensive Stocks
Stock,Energy,top energy stocks
Stock,healthcare,top health insurance companies
Stock,All,top stock
Stock,Under 10,top stocks under $10
Stock,Tech,top tech stock
Stock,Tech,top technology stocks
Stock,Small Cap,Top Ten Small Cap Stocks
Stock,Transportation,transport stock
Stock,Transportation,transport stocks
Stock,Transportation,transportation stock
Stock,All,trend following strategy
Index,Volatility,volatility trends
stock,Warren Buffett,warren buffett advice
Stock,Warren Buffett,warren buffett stock
Index,Worldwide,world indexes
Stock,Apple,apple stock price
Currency,All,forex trading
Stock,Pharma,Pharmaceutical Companies
Stock,All,capital gains
Commodity,Oil,oil price forecast
Stock,All,best investments
Stock,Tech,Best Investments
Stock,Top Stocks + S&P500,best investments
Stock,All,predictive analytics
Index,Worldwide,world indices
Stock,All,algorithmic trading
Stock,All,Algorithmic Trading
Stock,Europe,european stock market
Stock,All,market movers
Stock,All,Market Movers
Stock,All,quantitative analysis
Currency,Currencies,eur usd forecast
Stock,Under 10,Hot Stocks
Stock,BioTech,biotech stocks
Stock,BioTech,biotech stocks
Currency,Currencies,currency trading
Commodity,Gold Silver Oil,investing in gold
Stock,All,shorting a stock
Stock,All,Stocks To Watch
Stock,All,Swing Trading
Stock,Bank,Best Stocks
Stock,all,equity market
Index,Worldwide,major world indices
Stock,All,stock market report
Stock,All,top stocks
Stock,Apple,apple stock news
Stock,All,Quantitative Finance
Stock,All,stock picks
Stock,Pharma,Top Pharmaceutical Companies
Stock,All,equity investment
Stock,Tech,Value Stocks
Index,Worldwide,world share market
Commodity,Gold Silver Oil,gold price predictions
Stock,Pharma,Pharmaceutical Stocks
Stock,Tech,Prediction Markets
Stock,bank,Quantitative Trading
Currency,Currencies,usd jpy forecast
Stock,All,stock market predictions
Stock,Warren Buffett,warren buffett stocks
Stock,52 Week Low,52 Week Low Stocks
Stock,Apple,AAPL news
Stock,Industry,good stocks
Stock,Chinese,HK Stock Exchange
Stock,All,stock market investment
Stock,All,stock portfolio
Stock,Under 5,Stock Valuation
Stock,Apple,apple stock predictions
Commodity,Gold Silver Oil,gold price trend
Stock,Dividend,dividend paying stocks
Stock,Healthcare,Healthcare Stocks
Stock,All,Investing In Stock Market
Commodity,Oil,oil price trend
Stock,All,Stock Recommendations
Stock,All,stock recommendations
Stock,All,stock recommendations
Stock,All,top stocks to buy
Stock,All,Capital Gains Rate
Stock,Chinese,chinese stocks
Stock,Conservative,defensive stocks
Stock,Conservative,Defensive Stocks
Stock,Dividend,top dividend paying stocks
Commodity,Oil,crude oil forecast
Stock,All,stock market trends
Stock,All,automated trading
stock,Top Stocks + S&P500,Automated Trading
stock,All,best short term investments
Stock,Mega Cap,Blue Chip Picks
Stock,All,Equity Trading
Currency,Currencies,Exchange Rate Forecast
Stock,Germany,german stock market
Stock,Under 10,hot stocks to buy
Index,Interest Rates,Interest Rate Forecast
Stock,All,momentum investing
Stock,All,Portfolio Optimization
Stock,All,Stock Market Analysis
Stock,All,stock market analysis
Stock,All,Stock Ratings
Stock,Consumer,stock research
Stock,All,Swing Trading Strategies
Stock,All,trend following
Stock,All,stock predictions
Stock,All,Asset Allocation Models
Stock,All,best performing stocks
Stock,All,data mining algorithms
Commodity,Oil,oil price outlook
Stock,All,short sale stock
Stock,All,Short Term Capital Gain
Stock,Warren Buffett,Warren Buffett Investment Strategy
Stock,Warren Buffett,warren buffett investments
Stock,Apple,AAPL price
Stock,All,Best Stocks To Buy In 2016
Stock,Under 10,Best Stocks Under 10
Stock,All,Capital Gains Rate 2016
Currency,Currencies,foreign exchange trading
Index,Interest Rates,Interest Rate trends
Index,US Sectors,stock sectors
Stock,All,stock trading strategies
ETF,ETF,top etfs
Stock,All,Top Shares To Buy
Stock,All,best growth stocks
Stock,All,market predictions
stock,All,Stock Forecast
Stock,Small Cap,Best Small Cap Stocks
Stock,Under 5,best stocks under 5
Currency,Currencies,Currency Prices
Currency,Currencies,eur jpy forecast
Index,All,index trading
Stock,All,market dynamics
Stock,Energy,Best Energy Stocks
Stock,All,best long term investments
Currency,Currencies,currency trends
Stock,All,good shares to buy
Stock,All,momentum strategy
Stock,All,Position Trading
Stock,Tech,tech stocks to buy
Stock,Insurance,Top 10 insurance companies
ETF,ETF,etf trends
Currency,Currencies,forex predictions
Stock,France,french stock market
Stock,Small Cap,Growth Investing
Stock,Chinese,HongKong Stock Exchange
Commodity,Commodities,investing in commodities
Stock,All,Investing In Equities
Stock,All,Stock Ideas
Stock,Tech,top tech stocks
Index,Volatility,volatility trading
Stock,Warren Buffett,warren buffett holdings
Stock,All,Best Short Term Stocks
Stock,All,best short term stocks
Stock,Top Stocks + S&P500,S&P 500 Forecast
Stock,Warren Buffett,warren buffett stock picks
Stock,healthcare,best healthcare stocks
Stock,Healthcare,Best Healthcare Stocks
Stock,Healthcare,Best Healthcare Stocks
Stock,Pharma,Best Pharma Stocks
stock,All,best short term investment
Stock,Canadian,canadian stocks to buy
Stock,All,Machine Learning For Trading
stock,Options,Options Screener
Stock,All,pc market share
Stock,All,quantitative investing
Stock,Healthcare,quantum trading
Stock,All,short term stocks
Stock,All,stock market movers
Stock,Dividend,top 10 dividend stocks
Stock,Canadian,top canadian stocks
Stock,Energy,Top Energy Stocks
Stock,Warren Buffett,warren buffett stock portfolio
Stock,Pharma,Best Pharmaceutical Stocks
Stock,Conservative,conservative investments
Commodity,Oil,crude oil trend
Currency,Currencies,eur usd outlook
Currency,Currencies,eur usd prediction
Stock,Europe,european equities
Stock,Pharma,Pharmaceutical Stocks To Buy
Stock,All,Quantitative Market Research
Stock,Aggressive,High Growth Stocks
Stock,Energy,Black Box Trading
Commodity,Oil,crude oil outlook
Stock,All,short term stock trading
Stock,Insurance,Stock Insurance
Stock,All,stock market algorithm
Stock,Mega Cap,Top Blue Chip Stocks
Stock,Top Stocks + S&P500,top rated stocks
Stock,Small Cap,Top Small Cap Stocks
Stock,Under 5,top stocks under $5
Stock,Top Stocks + S&P500,Stock Predictor
Stock,Apple,apple stock outlook
Stock,Energy,Best Energy Stocks To buy
ETF,ETF,best etfs to buy
ETF,ETF,etf trading strategies
Index,Interest Rates,Interest Rate outlook
Stock,All,quant investing
Stock,Small Cap,Small Caps Trading
Stock,Insurance,Stock Insurance Company
Stock,Dividend,top paying dividend stocks
ETF,ETF,top performing etfs
Stock,Tech,Advanced Computer Trading
Stock,Apple,apple stock trend
Stock,All,computer market share
Index,Interest Rates,Interest Rate investment
Commodity,Commodities,invest in commodities
Stock,Tech,tech stocks to watch
Stock,healthcare,top healthcare stocks
Stock,All,best assets to buy
Stock,Bank,best bank stocks to buy
Stock,BioTech,bio tech stocks
Stock,Brazilian,brazilian stocks
Stock,Insurance,Health Insurance Stocks
Stock,Chinese,investing in chinese stocks
Index,All,investing in indexes
Stock,All,optimal investment
Stock,Small Cap,Small Cap Investing
Stock,All,Stock Winners
Currency,Currencies,usd jpy outlook
Stock,Canadian,best canadian stocks to buy
Stock,Chinese,best chinese stocks
Stock,International,Best International Stocks
Stock,Chinese,chinese stocks to buy
Stock,All,good short term stocks
Stock,International,International Stock Trading
Stock,All,Market Barometer
Stock,Top Stocks + S&P500,Top 20 Stocks
Currency,Currencies,usd jpy prediction
Stock,Insurance,best insurance stocks
stock,All,best short term stocks to buy
Stock,Conservative,conservative stocks
Stock,Conservative,defensive investing
Stock,Under 5,good stocks under $5
Stock,Insurance,insurance company stocks
Index,Interest Rates,Interest Rate trading
Stock,All,short term savings options
Stock,Bank,top bank stocks
Stock,Bank,Top Bank Stocks
Stock,Tech,best tech stocks to invest in
Stock,Conservative,conservative investment strategy
Stock,Conservative,conservative investment strategy
Stock,Small Cap,Investing In Small Cap Stocks
Stock,Israel,Israeli Stocks
Stock,Small Cap,Small Cap trading
Stock,All,stock pattern recognition
Stock,Aggressive,aggressive Investment Strategy
Stock,Transportation,Best Transportation Stocks
Stock,Conservative,conservative investing
Currency,Currencies,foreign exchange outlook
Commodity,Gold Silver Oil,gold and silver forecast
Stock,Italy,italian stocks
Stock,All,Neural Network Time Series Forecasting Of Financial Markets
Stock,Small Cap,Small Cap Stock Picks
Stock,Dividend,top 20 dividend stocks
Stock,Chinese,top chinese stocks
Currency,Currencies,usd jpy trend
Stock,52 Week Low Stocks To Buy,52 Week Low Stocks To Buy
Stock,All,best Asset Allocation Models
Stock,Chinese,best chinese stocks to buy
Stock,Healthcare,Best Healthcare Stocks To Buy
Stock,Canadian,best performing canadian stocks
Stock,Small Cap,Best Performing Small Cap Stocks
Stock,All,big data stock market
Commodity,Gold Silver Oil,daily gold forecast
Stock,Bank,investing in bank stocks
Stock,Canadian,investing in canadian stocks
Index,Worldwide,major world indexes
Stock,Mega Cap,Mega Cap Companies
Stock,Canadian,top 10 canadian stocks
Stock,Small Cap,Top 10 Small Cap Stocks
Stock,All,Algorithm prediction
Stock,Germany,best german stocks
Stock,Small Cap,Best Small Cap Shares
Stock,Canadian,canadian stocks to invest in
Stock,Conservative,defensive investment strategy
Currency,Currencies,Foreign Exchange Predictions
Commodity,Gold Silver Oil,gold and silver predictions
Stock,International,international stocks outlook
Stock,Aggressive,aggressive trading
Stock,Chinese,Best Hong Kong Stocks
Stock,BioTech,investing in biotech stocks
Stock,Conservative,Low Risk Trading
stock,all,neural network stock price prediction
Stock,Canadian,top performing canadian stocks
Index,Volatility,volatility prediction
Index,Worldwide,world indices investing
Stock,Aggressive,aggressive stocks to buy
Stock,Brazilian,best brazilian stocks
Currency,Currencies,Best Currency Pairs
Stock,Israel,Best Israeli Stocks
Stock,BioTech,best performing biotech stocks
Stock,Brazilian,brazilian stocks to buy
Currency,Currencies,eur jpy outlook
Currency,Currencies,eur jpy prediction
Commodity,Gold Silver Oil,gold and silver outlook
Stock,Small Cap,Small Cap outlook
Stock,Small Cap,Small Cap Stocks To Invest In
Stock,BioTech,top 10 biotech stocks
Index,Volatility,volatility trend
Stock,Aggressive,best aggressive stocks
Stock,Bank,best performing bank stocks
Stock,All,daily market forecast
Stock,Europe,European Shares To Buy
Index,Interest Rates,Interest Rate development
Stock,BioTech,top performing biotech stocks
Stock,All,top rated stock
Stock,Bank,bank stocks to watch
Stock,Industry,basic industry stocks
Stock,Brazilian,best brazilian stocks to buy
Stock,Conservative,Best conservative Stocks
ETF,ETF,best etfs to invest
Stock,France,best french stocks
Stock,Italy,best italian stocks
Stock,Italy,best italian stocks to buy
Stock,Options,Best Options To Sell
Stock,Brazilian,best performing brazilian stocks
Stock,Chinese,best performing chinese stocks
Stock,Brazilian,brazilian stocks to invest in
Stock,Chinese,chinese stocks to invest in
Stock,Conservative,conservative stocks to buy
Stock,Conservative,conservative trading
Currency,Currencies,currency picks
Stock,Conservative,defensive stocks to buy
Stock,Healthcare,Healthcare Stock Picks
Stock,Insurance,insurance industry stocks
Stock,International,international stock forecast
Stock,Brazilian,investing in brazilian stocks
Stock,Italy,italian stocks to buy
Stock,All,predicting markets
Stock,Tech,Predictive Analytics Report
Stock,Small Cap,Small Cap forecast
Stock,Small Cap,Small Cap trends
Stock,Bank,top 10 bank stocks
Stock,Brazilian,top 10 brazilian stocks
Stock,Chinese,top 10 chinese stocks
Stock,Canadian,top 20 canadian stocks
Stock,Aggressive,top aggressive Stocks
Stock,BioTech,top bio tech stocks
Stock,Brazilian,top brazilian stocks
Stock,Europe,top european shares
Stock,Europe,top european stocks to buy
Stock,Bank,top performing bank stocks
Stock,Chinese,top performing chinese stocks
Stock,52 Week Low,52 Week Low Stocks To Watch
Stock,Apple,AAPL trend
Stock,Aggressive,aggressive stocks forecast
Stock,Aggressive,aggressive stocks outlook
Stock,Aggressive,aggressive stocks predictions
Stock,Aggressive,aggressive stocks to invest
Stock,Aggressive,aggressive stocks trends
Stock,All,algorithm based stock picks
Stock,Options,Algorithmic Options Forecast
Stock,Aggressive,Best aggressive Investment Strategy
Stock,All,best asset forecast
Stock,All,Best Asset outlook
Stock,All,best asset prediction
Stock,Conservative,Best Conservative Investment Strategy
Stock,Conservative,Best Defensive Stocks to invest
Stock,Dividend,best investments based on algorithms
Stock,Healthcare,Best Long Term Health Stocks
Stock,Options,Best Options To Long
Stock,Options,Best Options To Short
Stock,Italy,best performing italian stocks
Stock,All,best predicted stocks
Stock,Top Stocks + S&P500,best sp 500 stocks
Stock,Mega Cap,Blue Chip Stocks forecast
Stock,Mega Cap,Blue Chip Stocks outlook
Stock,Mega Cap,Blue Chip Stocks predictions
Stock,Mega Cap,Blue Chip Stocks trends
Stock,Brazilian,brazilian stocks to invest
Stock,Conservative,conservative stocks forecast
Stock,Conservative,conservative stocks outlook
Stock,Conservative,conservative stocks predictions
Stock,Conservative,conservative stocks to invest
Stock,Conservative,conservative stocks trends
Stock,Conservative,defensive stocks forecast
Stock,Conservative,defensive stocks outlook
Stock,Conservative,defensive stocks predictions
Stock,Conservative,defensive stocks to invest
Stock,Conservative,defensive stocks trends
Stock,Dividend,dividend stock predictions
Stock,Dividend,dividend stock trends
Stock,Dividend,dividend stocks forecast
Stock,Dividend,dividend stocks outlook
ETF,ETF,etf forecasts
Stock,Europe,european stock predictions
Stock,Europe,european stock trends
Currency,Currencies,foreing exchange forecast
Commodity,Gold Silver Oil,gold silver & oil forecast
Commodity,Gold Silver Oil,gold silver & oil outlook
Commodity,Gold Silver Oil,gold silver & oil predictions
Commodity,Gold Silver Oil,gold silver & oil trends
Index,All,indices trends
Index,Interest Rates,Interest Rate opportunities
Stock,International,international stock predictions
Stock,International,international stock trends
Stock,International,international stocks forecast
Stock,Italy,italian stocks to invest in
Index,All,market indices to buy
Stock,Mega Cap,mega cap forecast
Stock,Mega Cap,mega cap outlook
Stock,Mega Cap,mega cap predictions
Stock,Mega Cap,mega cap stock forecast
Stock,All,Quant Technologies Analysis
Index,Top Stocks + S&P500,s&p500 outlook
Index,Top Stocks + S&P500,s&p500 predictions
Stock,Small Cap,Small Cap predictions
Stock,Small Cap,Small Caps forecast
Stock,Small Cap,Small Caps outlook
Stock,Small Cap,Small Caps predictions
Stock,Consumer,Stock Market Precitions
Stock,All,stock recommendations using predictive algorithms
Stock,Tech,Tech Stock Market Forecast
Stock,Tech,Tech Stock Market Outlook
Stock,Tech,Tech Stock Market Prediction
Stock,Italy,top 10 italian stocks
Stock,Bank,top 20 bank stocks
Stock,BioTech,top 20 bio tech stocks
Stock,BioTech,top 20 biotech stocks
Stock,Brazilian,top 20 brazilian stocks
Stock,Chinese,top 20 chinese stocks
Stock,Italy,top 20 italian stocks
Stock,Aggressive,Top aggressive Investment Strategies
Stock,Aggressive,top aggressive investments
Stock,All,top Asset Allocation Models
Stock,Bank,top bank stocks to invest
Stock,Canadian,top canadian stocks to invest
Stock,Conservative,Top Conservative Investment Strategies
Stock,Conservative,top conservative Stocks
Stock,All,top market mover
Stock,Brazilian,top performing brazilian stocks
Stock,Italy,top performing italian stocks
Stock,Warren Buffett,warren buffett portfolios
Stock,Warren Buffett,warren buffett stock forecast
Stock,Warren Buffett,warren buffett stock outlook
Index,Worldwide,world indices outlook
Index,Worldwide,world indices predictions
Index,Worldwide,world indices trends
