Group,Category,Subpackage,PositionType,Keyword,Recent,Priority
Stock,52 Week Low Stocks,ANY,ANY,Trend Following,11/27/2016,1
Stock,52 Week Low Stocks,ANY,ANY,52 Week Low Stocks,1/1/2000,2
Stock,52 Week Low Stocks,ANY,ANY,52 Week Low Stocks to Buy,1/1/2000,2
Stock,52 Week Low Stocks,ANY,ANY,52 Week Low Stocks to Watch,1/1/2000,2
Stock,Aggressive Stocks Forecast,ANY,ANY,High Risk High Reward Stocks,1/1/2000,1
Stock,Aggressive Stocks Forecast,ANY,ANY,Stock Scanner,11/10/2016,1
Stock,Aggressive Stocks Forecast,ANY,ANY,Using Genetic Algorithms to Forecast Financial Markets,11/13/2016,1
Stock,Aggressive Stocks Forecast,ANY,ANY,Aggressive Investment Strategy,1/1/2000,2
Stock,Aggressive Stocks Forecast,ANY,ANY,Aggressive Stocks Forecast,1/1/2000,2
Stock,Aggressive Stocks Forecast,ANY,ANY,Aggressive Stocks Outlook,1/1/2000,2
Stock,Aggressive Stocks Forecast,ANY,ANY,Aggressive Stocks Predictions,1/1/2000,2
Stock,Aggressive Stocks Forecast,ANY,ANY,Aggressive Stocks to Buy,1/1/2000,2
Stock,Aggressive Stocks Forecast,ANY,ANY,Aggressive Stocks to Invest,1/1/2000,2
Stock,Aggressive Stocks Forecast,ANY,ANY,Aggressive Stocks Trends,1/1/2000,2
Stock,Aggressive Stocks Forecast,ANY,ANY,Aggressive Trading,1/1/2000,2
Stock,Aggressive Stocks Forecast,ANY,ANY,Best Aggressive Investment Strategy,1/1/2000,2
Stock,Aggressive Stocks Forecast,ANY,ANY,Best Aggressive Stocks,1/1/2000,2
Stock,Aggressive Stocks Forecast,ANY,ANY,High Growth Stocks,1/1/2000,2
Stock,Aggressive Stocks Forecast,ANY,ANY,Top Aggressive Investment Strategies,1/1/2000,2
Stock,Aggressive Stocks Forecast,ANY,ANY,Top Aggressive Investments,1/1/2000,2
Stock,Aggressive Stocks Forecast,ANY,ANY,Top Aggressive Stocks,1/1/2000,2
Index,ANY,ANY,ANY,Indices Outlook,1/1/2000,1
Index,ANY,ANY,ANY,Indices Predictions,1/1/2000,1
stock,ANY,ANY,ANY,Short Term Stock Trading,1/1/2000,1
Stock,ANY,ANY,ANY,Best Stocks to Buy,1/1/2000,1
Stock,ANY,ANY,ANY,Stock Market Forecasting,1/1/2000,1
Stock,ANY,ANY,ANY,Stock Market Analysis,8/10/2016,1
Index,ANY,ANY,ANY,Indices Forecast,8/31/2016,1
Stock,ANY,ANY,ANY,Stock Pickers,10/9/2016,1
Stock,ANY,ANY,ANY,Stock-Picking,10/30/2016,1
Stock,ANY,ANY,ANY,Stock Market Prediction Algorithm,11/7/2016,1
Stock,ANY,ANY,ANY,Stock Predictors,11/8/2016,1
Stock,ANY,ANY,ANY,Stock Market Outlook,11/30/2016,1
stock,ANY,ANY,ANY,Stock Picking,11/13/2016,1
Stock,ANY,ANY,ANY,Best Long Term Stocks,11/13/2016,1
Stock,ANY,ANY,ANY,Short Term Stocks,11/13/2016,1
Stock,ANY,ANY,ANY,Best Shares to Buy,11/15/2016,1
stock,ANY,ANY,ANY,Short Term Trading Stocks,11/15/2016,1
Stock,ANY,ANY,ANY,Stock Market Forecast,11/15/2016,1
Stock,ANY,ANY,ANY,Long Term Stock Picks,11/16/2016,1
Stock,ANY,ANY,ANY,Top Stock Picks,11/16/2016,1
Stock,ANY,ANY,ANY,Stock Market Projections,11/30/2016,1
Stock,ANY,ANY,ANY,Algorithmic Trading Strategies,11/20/2016,1
Stock,ANY,ANY,ANY,Bullish Stocks to Buy,11/20/2016,1
Stock,ANY,ANY,ANY,Machine Learning Trading,11/20/2016,1
Stock,ANY,ANY,ANY,Most Undervalued Stocks,11/20/2016,1
Stock,ANY,ANY,ANY,Stock Picking Strategies,11/20/2016,1
Stock,ANY,ANY,ANY,Swing Trading,11/20/2016,1
Stock,ANY,ANY,ANY,Best Shares,11/21/2016,1
Stock,ANY,ANY,ANY,Daily Stock Market Predictions,11/21/2016,1
Stock,ANY,ANY,ANY,Market Predictions,11/21/2016,1
Stock,ANY,ANY,ANY,Systematic Trading,11/21/2016,1
Stock,ANY,ANY,ANY,Algo Trading,11/22/2016,1
Stock,ANY,ANY,ANY,Big Data Trading,11/22/2016,1
Stock,ANY,ANY,ANY,Equity Valuation,11/22/2016,1
Stock,ANY,ANY,ANY,Stock Forecasting,11/22/2016,1
Stock,ANY,ANY,ANY,Stock Picking Algorithm,11/22/2016,1
Stock,ANY,ANY,ANY,Stock Trends,11/22/2016,1
Stock,ANY,ANY,ANY,Top Stock Research,11/22/2016,1
Stock,ANY,ANY,ANY,Algorithmic Trading,11/24/2016,1
Stock,ANY,ANY,ANY,Quantitative Trading,11/24/2016,1
stock,ANY,ANY,ANY,Short Term Trading,11/24/2016,1
Stock,ANY,ANY,ANY,Stock Market Algorithm,11/24/2016,1
Stock,ANY,ANY,ANY,Stock Market Predictions,11/24/2016,1
Stock,ANY,ANY,ANY,Stock Picking By Using Big Data,11/24/2016,1
Stock,ANY,ANY,ANY,Stock Recommendations,11/24/2016,1
Stock,ANY,ANY,ANY,Stock Research,11/24/2016,1
Stock,ANY,ANY,ANY,Stock Screener,11/24/2016,1
Stock,ANY,ANY,ANY,Stock Trend Analysis,11/24/2016,1
Stock,ANY,ANY,ANY,Top 10 Stocks,11/24/2016,1
Stock,ANY,ANY,ANY,Undervalued Stocks,11/24/2016,1
Stock,ANY,ANY,ANY,Short Term Stocks to Buy,11/24/2016,1
Stock,ANY,ANY,ANY,Trend Following,11/27/2016,1
Stock,ANY,ANY,ANY,Algo Trader,11/27/2016,1
Stock,ANY,ANY,ANY,Black Box Trading,11/27/2016,1
Stock,ANY,ANY,ANY,Stock Forecast,11/27/2016,1
Stock,ANY,ANY,ANY,Best Stock Screener,11/29/2016,1
Stock,ANY,ANY,ANY,Best Stocks to Invest,11/29/2016,1
Stock ,ANY,ANY,ANY,Equity Research,11/29/2016,1
Stock,ANY,ANY,ANY,Market Forecast,11/29/2016,1
Stock,ANY,ANY,ANY,Quant Trading,11/29/2016,1
stock,ANY,ANY,ANY,Robo Advisors,11/29/2016,1
stock,ANY,ANY,ANY,Short Term Stock Picks,11/29/2016,1
stock,ANY,ANY,ANY,Stock Finder,11/29/2016,1
Stock,ANY,ANY,ANY,Stock Valuation Using Algorithms,11/29/2016,1
Stock,ANY,ANY,ANY,Systematic Stock Trading,11/29/2016,1
Stock,ANY,ANY,ANY,Top Rated Stocks,11/29/2016,1
stock,ANY,ANY,ANY,Best Short Term Investments,1/1/2000,2
stock,ANY,ANY,ANY,Short Term Investments,1/1/2000,2
stock,ANY,ANY,ANY,Short Term Trading Strategies,1/1/2000,2
Stock,ANY,ANY,ANY,Stock Analysis Software,1/1/2000,2
Stock,ANY,ANY,ANY,Algorithm Based Stock Picks,1/1/2000,2
Stock,ANY,ANY,ANY,Algorithm Predictions,1/1/2000,2
Stock,ANY,ANY,ANY,Algorithmic Analysis,1/1/2000,2
Stock,ANY,ANY,ANY,Algorithmic Trading Strategy,1/1/2000,2
Stock,ANY,ANY,ANY,Asset Allocation Models,1/1/2000,2
stock,ANY,ANY,ANY,Automated Trader,1/1/2000,2
Stock,ANY,ANY,ANY,Automated Trading,1/1/2000,2
Stock,ANY,ANY,ANY,Best Asset Allocation Models,1/1/2000,2
Stock,ANY,ANY,ANY,Best Asset Forecast,1/1/2000,2
Stock,ANY,ANY,ANY,Best Asset Outlook,1/1/2000,2
Stock,ANY,ANY,ANY,Best Asset Prediction,1/1/2000,2
Stock,ANY,ANY,ANY,Best Assets to Buy,1/1/2000,2
Stock,ANY,ANY,ANY,Best Growth Stocks,1/1/2000,2
Stock,ANY,ANY,ANY,Best Investments,1/1/2000,2
Stock,ANY,ANY,ANY,Best Long Term Investments,1/1/2000,2
Stock,ANY,ANY,ANY,Best Performing Stocks,1/1/2000,2
Stock,ANY,ANY,ANY,Best Predicted Stocks,1/1/2000,2
stock,ANY,ANY,ANY,Best Short Term Investment,1/1/2000,2
Stock,ANY,ANY,ANY,Best Short Term Stocks,1/1/2000,2
Stock,ANY,ANY,ANY,Best Stocks,1/1/2000,2
Stock,ANY,ANY,ANY,Best Stocks to Buy in 2016,1/1/2000,2
Stock,ANY,ANY,ANY,Big Data Stock Market,1/1/2000,2
Stock,ANY,ANY,ANY,Capital Gains,1/1/2000,2
Stock,ANY,ANY,ANY,Capital Gains Rate,1/1/2000,2
Stock,ANY,ANY,ANY,Capital Gains Rate 2016,1/1/2000,2
Stock,ANY,ANY,ANY,Computer Market Share,1/1/2000,2
Stock,ANY,ANY,ANY,Daily Market Forecast,1/1/2000,2
Stock,ANY,ANY,ANY,Data Mining Algorithms,1/1/2000,2
Stock,ANY,ANY,ANY,Equity Investment,1/1/2000,2
Stock,ANY,ANY,ANY,Equity Market,1/1/2000,2
Stock,ANY,ANY,ANY,Equity Trading,1/1/2000,2
Stock,ANY,ANY,ANY,Forecast Methods,1/1/2000,2
Currency,ANY,ANY,ANY,Forex Trading,1/1/2000,2
Stock,ANY,ANY,ANY,Good Shares to Buy,1/1/2000,2
Stock,ANY,ANY,ANY,Good Short Term Stocks,1/1/2000,2
Index,ANY,ANY,ANY,Index Trading,1/1/2000,2
Index,ANY,ANY,ANY,Indices Investing,1/1/2000,2
Index,ANY,ANY,ANY,Indices Trends,1/1/2000,2
Stock,ANY,ANY,ANY,Investing in Equities,1/1/2000,2
Index,ANY,ANY,ANY,Investing in Indexes,1/1/2000,2
Index,ANY,ANY,ANY,Investing in Indices,1/1/2000,2
Stock,ANY,ANY,ANY,Investing in Stock Market,1/1/2000,2
Stock,ANY,ANY,ANY,Machine Learning for Trading,1/1/2000,2
Stock,ANY,ANY,ANY,Market Barometer,1/1/2000,2
Stock,ANY,ANY,ANY,Market Dynamics,1/1/2000,2
Stock,ANY,ANY,ANY,Market Forecasts,1/1/2000,2
Index,ANY,ANY,ANY,Market Indices to Buy,1/1/2000,2
Stock,ANY,ANY,ANY,Market Mover,1/1/2000,2
Stock,ANY,ANY,ANY,Market Movers,1/1/2000,2
Stock,ANY,ANY,ANY,Momentum Investing,1/1/2000,2
Stock,ANY,ANY,ANY,Momentum Strategy,1/1/2000,2
stock,ANY,ANY,ANY,Neural Network Stock Price Prediction,1/1/2000,2
Stock,ANY,ANY,ANY,Neural Network Time Series Forecasting Of Financial Markets,1/1/2000,2
Stock,ANY,ANY,ANY,Optimal Investment,1/1/2000,2
Stock,ANY,ANY,ANY,Pc Market Share,1/1/2000,2
Stock,ANY,ANY,ANY,Picking Stocks,1/1/2000,2
Stock,ANY,ANY,ANY,Portfolio Optimization,1/1/2000,2
Stock,ANY,ANY,ANY,Position Trading,1/1/2000,2
Stock,ANY,ANY,ANY,Predicting Markets,1/1/2000,2
Stock,ANY,ANY,ANY,Predictive Analytics,1/1/2000,2
Stock,ANY,ANY,ANY,Quant Analysis,1/1/2000,2
Stock,ANY,ANY,ANY,Quant Finance,1/1/2000,2
Stock,ANY,ANY,ANY,Quant Investing,1/1/2000,2
Stock,ANY,ANY,ANY,Quant Technologies Analysis,1/1/2000,2
Stock,ANY,ANY,ANY,Quant Trader,1/1/2000,2
Stock,ANY,ANY,ANY,Quantitative Analysis,1/1/2000,2
Stock,ANY,ANY,ANY,Quantitative Finance,1/1/2000,2
Stock,ANY,ANY,ANY,Quantitative Investing,1/1/2000,2
Stock,ANY,ANY,ANY,Quantitative Investment,1/1/2000,2
Stock,ANY,ANY,ANY,Quantitative Market Research,1/1/2000,2
Stock,ANY,ANY,ANY,Short Sale Stock,1/1/2000,2
Stock,ANY,ANY,ANY,Short Term Capital Gain,1/1/2000,2
Stock,ANY,ANY,ANY,Short Term Savings Options,1/1/2000,2
stock,ANY,ANY,ANY,Short Term Stock,1/1/2000,2
stock,ANY,ANY,ANY,Short Term Trade,1/1/2000,2
Stock,ANY,ANY,ANY,Shorting A Stock,1/1/2000,2
Index,ANY,ANY,ANY,Stock Market Indexes,1/1/2000,2
Index,ANY,ANY,ANY,Stock Market Indices,1/1/2000,2
Stock,ANY,ANY,ANY,Stock Market Investment,1/1/2000,2
Stock,ANY,ANY,ANY,Stock Market Movers,1/1/2000,2
Stock,ANY,ANY,ANY,Stock Market Report,1/1/2000,2
Stock,ANY,ANY,ANY,Stock Market Trends,1/1/2000,2
Stock,ANY,ANY,ANY,Stock Pattern Recognition,1/1/2000,2
Stock,ANY,ANY,ANY,Stock Picks,1/1/2000,2
Stock,ANY,ANY,ANY,Stock Portfolio,1/1/2000,2
Stock,ANY,ANY,ANY,Stock Ratings,1/1/2000,2
Stock,ANY,ANY,ANY,Stock Recommendations Using Predictive Algorithms,1/1/2000,2
Stock,ANY,ANY,ANY,Stock Trading Algorithm,1/1/2000,2
Stock,ANY,ANY,ANY,Stock Trading Strategies,1/1/2000,2
Stock,ANY,ANY,ANY,Stock Winners,1/1/2000,2
Stock,ANY,ANY,ANY,Stocks to Watch,1/1/2000,2
Stock,ANY,ANY,ANY,Swing Trading Strategies,1/1/2000,2
Stock,ANY,ANY,ANY,Swing Trading Strategy,1/1/2000,2
Stock,ANY,ANY,ANY,Top Asset Allocation Models,1/1/2000,2
Stock,ANY,ANY,ANY,Top Market Mover,1/1/2000,2
Stock,ANY,ANY,ANY,Top Rated Stock,1/1/2000,2
Stock,ANY,ANY,ANY,Top Shares to Buy,1/1/2000,2
Stock,ANY,ANY,ANY,Top Stocks,1/1/2000,2
Stock,ANY,ANY,ANY,Top Stocks to Buy,1/1/2000,2
Stock,ANY,ANY,ANY,Trend Following Strategy,1/1/2000,2
Stock,ANY,ANY,ANY,Short Selling Stock,12/10/2015,2
Stock,ANY,ANY,ANY,Stock Ideas,11/20/2016,2
stock,ANY,ANY,ANY,Best Short Term Stocks to Buy,11/24/2016,2
Stock,ANY,ANY,ANY,Stock Ranking,11/29/2016,2
Stock,ANY,ANY,ANY,Stock Predictions,11/29/2016,2
Stock,Apple Stock Forecasts,ANY,ANY,Aapl Forecast,1/1/2000,1
Stock,Apple Stock Forecasts,ANY,ANY,Aapl Outlook,1/1/2000,1
Stock,Apple Stock Forecasts,ANY,ANY,Aapl Prediction,1/1/2000,1
Stock,Apple Stock Forecasts,ANY,ANY,Apple Stock Forecast,1/1/2000,1
Stock,Apple Stock Forecasts,ANY,ANY,Aapl News,1/1/2000,2
Stock,Apple Stock Forecasts,ANY,ANY,Aapl Price,1/1/2000,2
Stock,Apple Stock Forecasts,ANY,ANY,Aapl Trend,1/1/2000,2
Stock,Apple Stock Forecasts,ANY,ANY,Apple Stock News,1/1/2000,2
Stock,Apple Stock Forecasts,ANY,ANY,Apple Stock Outlook,1/1/2000,2
Stock,Apple Stock Forecasts,ANY,ANY,Apple Stock Predictions,1/1/2000,2
Stock,Apple Stock Forecasts,ANY,ANY,Apple Stock Price,1/1/2000,2
Stock,Apple Stock Forecasts,ANY,ANY,Apple Stock Trend,1/1/2000,2
Stock,Bank Stock Forecast,ANY,ANY,Bank Stocks to Invest In,1/1/2000,1
Stock,Bank Stock Forecast,ANY,ANY,Bank Stocks to Buy,11/30/2016,1
Stock,Bank Stock Forecast,ANY,ANY,Best Bank Stocks,11/17/2016,1
Stock,Bank Stock Forecast,ANY,ANY,Bank Stock Picks,11/22/2016,1
Stock,Bank Stock Forecast,ANY,ANY,Best Stocks,1/1/2000,2
Stock,Bank Stock Forecast,ANY,ANY,Bank Stocks to Watch,1/1/2000,2
Stock,Bank Stock Forecast,ANY,ANY,Best Bank Stocks to Buy,1/1/2000,2
Stock,Bank Stock Forecast,ANY,ANY,Best Performing Bank Stocks,1/1/2000,2
Stock,Bank Stock Forecast,ANY,ANY,Investing in Bank Stocks,1/1/2000,2
Stock,Bank Stock Forecast,ANY,ANY,Quantitative Trading,1/1/2000,2
Stock,Bank Stock Forecast,ANY,ANY,Top 10 Bank Stocks,1/1/2000,2
Stock,Bank Stock Forecast,ANY,ANY,Top 20 Bank Stocks,1/1/2000,2
Stock,Bank Stock Forecast,ANY,ANY,Top Bank Stocks,1/1/2000,2
Stock,Bank Stock Forecast,ANY,ANY,Top Bank Stocks to Invest,1/1/2000,2
Stock,Bank Stock Forecast,ANY,ANY,Top Performing Bank Stocks,1/1/2000,2
Stock,Basic Industry Forecast,ANY,ANY,Robo Advisor,10/30/2016,1
Stock,Basic Industry Forecast,ANY,ANY,Basic Industry Stocks,1/1/2000,2
Stock,Basic Industry Forecast,ANY,ANY,Good Stocks,1/1/2000,2
stock,Basic Industry Forecast,ANY,ANY,Industrial Stocks,1/1/2000,2
Stock,Basic Industry Forecast,ANY,ANY,Industry Stocks,1/1/2000,2
Stock,Biotech Stocks Forecast,ANY,ANY,Best Bio Tech Stocks,8/23/2016,1
Stock,Biotech Stocks Forecast,ANY,ANY,Biotech Stocks to Buy,9/29/2016,1
Stock,Biotech Stocks Forecast,ANY,ANY,Top Biotech Stocks,10/16/2016,1
Stock,Biotech Stocks Forecast,ANY,ANY,Best Biotech Stocks,11/3/2016,1
Stock,Biotech Stocks Forecast,ANY,ANY,Best Biotech Stocks to Buy,11/6/2016,1
Stock,Biotech Stocks Forecast,ANY,ANY,Biotech Stocks to Watch,11/10/2016,1
Stock,Biotech Stocks Forecast,ANY,ANY,Biotech Stocks to Invest In,11/24/2016,1
Stock,Biotech Stocks Forecast,ANY,ANY,Best Performing Biotech Stocks,1/1/2000,2
Stock,Biotech Stocks Forecast,ANY,ANY,Bio Tech Stocks,1/1/2000,2
Stock,Biotech Stocks Forecast,ANY,ANY,Biotech Stocks,1/1/2000,2
Stock,Biotech Stocks Forecast,ANY,ANY,Investing in Biotech Stocks,1/1/2000,2
Stock,Biotech Stocks Forecast,ANY,ANY,Top 10 Biotech Stocks,1/1/2000,2
Stock,Biotech Stocks Forecast,ANY,ANY,Top 20 Bio Tech Stocks,1/1/2000,2
Stock,Biotech Stocks Forecast,ANY,ANY,Top 20 Biotech Stocks,1/1/2000,2
Stock,Biotech Stocks Forecast,ANY,ANY,Top Bio Tech Stocks,1/1/2000,2
Stock,Biotech Stocks Forecast,ANY,ANY,Top Performing Biotech Stocks,1/1/2000,2
Stock,Brazil Stock Forecast,ANY,ANY,Best Brazilian Stocks,1/1/2000,2
Stock,Brazil Stock Forecast,ANY,ANY,Best Brazilian Stocks to Buy,1/1/2000,2
Stock,Brazil Stock Forecast,ANY,ANY,Best Performing Brazilian Stocks,1/1/2000,2
Stock,Brazil Stock Forecast,ANY,ANY,Brazilian Stocks,1/1/2000,2
Stock,Brazil Stock Forecast,ANY,ANY,Brazilian Stocks to Buy,1/1/2000,2
Stock,Brazil Stock Forecast,ANY,ANY,Brazilian Stocks to Invest In,1/1/2000,2
Stock,Brazil Stock Forecast,ANY,ANY,Investing in Brazilian Stocks,1/1/2000,2
Stock,Brazil Stock Forecast,ANY,ANY,Top 10 Brazilian Stocks,1/1/2000,2
Stock,Brazil Stock Forecast,ANY,ANY,Top 20 Brazilian Stocks,1/1/2000,2
Stock,Brazil Stock Forecast,ANY,ANY,Top Brazilian Stocks,1/1/2000,2
Stock,Brazil Stock Forecast,ANY,ANY,Top Performing Brazilian Stocks,1/1/2000,2
Stock,Canadian Stock Forecast,ANY,ANY,Best Canadian Stocks,11/2/2016,1
Stock,Canadian Stock Forecast,ANY,ANY,Best Canadian Stocks to Buy,1/1/2000,2
Stock,Canadian Stock Forecast,ANY,ANY,Best Performing Canadian Stocks,1/1/2000,2
Stock,Canadian Stock Forecast,ANY,ANY,Canadian Stocks to Buy,1/1/2000,2
Stock,Canadian Stock Forecast,ANY,ANY,Canadian Stocks to Invest In,1/1/2000,2
Stock,Canadian Stock Forecast,ANY,ANY,Investing in Canadian Stocks,1/1/2000,2
Stock,Canadian Stock Forecast,ANY,ANY,Top 10 Canadian Stocks,1/1/2000,2
Stock,Canadian Stock Forecast,ANY,ANY,Top 20 Canadian Stocks,1/1/2000,2
Stock,Canadian Stock Forecast,ANY,ANY,Top Canadian Stocks,1/1/2000,2
Stock,Canadian Stock Forecast,ANY,ANY,Top Canadian Stocks to Invest,1/1/2000,2
Stock,Canadian Stock Forecast,ANY,ANY,Top Performing Canadian Stocks,1/1/2000,2
Stock,Chinese Stock Forecast,ANY,ANY,Best Chinese Stocks,1/1/2000,2
Stock,Chinese Stock Forecast,ANY,ANY,Best Chinese Stocks to Buy,1/1/2000,2
Stock,Chinese Stock Forecast,ANY,ANY,Best Hong Kong Stocks,1/1/2000,2
Stock,Chinese Stock Forecast,ANY,ANY,Best Performing Chinese Stocks,1/1/2000,2
Stock,Chinese Stock Forecast,ANY,ANY,Chinese Stocks,1/1/2000,2
Stock,Chinese Stock Forecast,ANY,ANY,Chinese Stocks to Buy,1/1/2000,2
Stock,Chinese Stock Forecast,ANY,ANY,Chinese Stocks to Invest In,1/1/2000,2
Stock,Chinese Stock Forecast,ANY,ANY,Hk Stock Exchange,1/1/2000,2
Stock,Chinese Stock Forecast,ANY,ANY,Hongkong Stock Exchange,1/1/2000,2
Stock,Chinese Stock Forecast,ANY,ANY,Investing in Chinese Stocks,1/1/2000,2
Stock,Chinese Stock Forecast,ANY,ANY,Top 10 Chinese Stocks,1/1/2000,2
Stock,Chinese Stock Forecast,ANY,ANY,Top 20 Chinese Stocks,1/1/2000,2
Stock,Chinese Stock Forecast,ANY,ANY,Top Chinese Stocks,1/1/2000,2
Stock,Chinese Stock Forecast,ANY,ANY,Top Performing Chinese Stocks,1/1/2000,2
Stock,Computer Industry,ANY,ANY,Pc Share,1/1/2000,2
Stock,Computer Industry,ANY,ANY,Computer Shares,1/1/2000,2
Stock,Computer Industry,ANY,ANY,Computer Stock Trading,1/1/2000,2
Stock,Computer Industry,ANY,ANY,Computer Stocks,1/1/2000,2
Stock,Conservative Stock Forecast,ANY,ANY,Best Defensive Stocks,8/9/2016,1
stock,Conservative Stock Forecast,ANY,ANY,Low Risk Stocks,1/1/2000,2
Stock,Conservative Stock Forecast,ANY,ANY,Best Conservative Investment Strategy,1/1/2000,2
Stock,Conservative Stock Forecast,ANY,ANY,Best Conservative Stocks,1/1/2000,2
Stock,Conservative Stock Forecast,ANY,ANY,Best Defensive Stocks to Buy,1/1/2000,2
Stock,Conservative Stock Forecast,ANY,ANY,Best Defensive Stocks to Invest,1/1/2000,2
Stock,Conservative Stock Forecast,ANY,ANY,Conservative Investing,1/1/2000,2
Stock,Conservative Stock Forecast,ANY,ANY,Conservative Investment Strategy,1/1/2000,2
Stock,Conservative Stock Forecast,ANY,ANY,Conservative Investments,1/1/2000,2
Stock,Conservative Stock Forecast,ANY,ANY,Conservative Stocks,1/1/2000,2
Stock,Conservative Stock Forecast,ANY,ANY,Conservative Stocks Forecast,1/1/2000,2
Stock,Conservative Stock Forecast,ANY,ANY,Conservative Stocks Outlook,1/1/2000,2
Stock,Conservative Stock Forecast,ANY,ANY,Conservative Stocks Predictions,1/1/2000,2
Stock,Conservative Stock Forecast,ANY,ANY,Conservative Stocks to Buy,1/1/2000,2
Stock,Conservative Stock Forecast,ANY,ANY,Conservative Stocks to Invest,1/1/2000,2
Stock,Conservative Stock Forecast,ANY,ANY,Conservative Stocks Trends,1/1/2000,2
Stock,Conservative Stock Forecast,ANY,ANY,Conservative Trading,1/1/2000,2
Stock,Conservative Stock Forecast,ANY,ANY,Defensive Investing,1/1/2000,2
Stock,Conservative Stock Forecast,ANY,ANY,Defensive Investment Strategy,1/1/2000,2
Stock,Conservative Stock Forecast,ANY,ANY,Defensive Stocks,1/1/2000,2
Stock,Conservative Stock Forecast,ANY,ANY,Defensive Stocks Forecast,1/1/2000,2
Stock,Conservative Stock Forecast,ANY,ANY,Defensive Stocks Outlook,1/1/2000,2
Stock,Conservative Stock Forecast,ANY,ANY,Defensive Stocks Predictions,1/1/2000,2
Stock,Conservative Stock Forecast,ANY,ANY,Defensive Stocks to Buy,1/1/2000,2
Stock,Conservative Stock Forecast,ANY,ANY,Defensive Stocks to Invest,1/1/2000,2
Stock,Conservative Stock Forecast,ANY,ANY,Defensive Stocks Trends,1/1/2000,2
Stock,Conservative Stock Forecast,ANY,ANY,Defensive Trading,1/1/2000,2
Stock,Conservative Stock Forecast,ANY,ANY,Low Risk Trading,1/1/2000,2
Stock,Conservative Stock Forecast,ANY,ANY,Top Conservative Investment Strategies,1/1/2000,2
Stock,Conservative Stock Forecast,ANY,ANY,Top Conservative Stocks,1/1/2000,2
Stock,Conservative Stock Forecast,ANY,ANY,Top Defensive Stocks,1/1/2000,2
Stock,Conservative Stock Forecast,ANY,ANY,Defensive Investment,1/1/2000,2
Stock,Consumer Stocks,ANY,ANY,Stock Research,11/24/2016,1
Stock,Consumer Stocks,ANY,ANY,Stock Alerts,1/1/2000,2
Stock,Consumer Stocks,ANY,ANY,Stock Market Precitions,1/1/2000,2
Currency,Currency Forecast,ANY,ANY,Forex Trends,11/30/2016,1
Currency,Currency Forecast,ANY,ANY,Currency Forecast,11/17/2016,1
Currency,Currency Forecast,ANY,ANY,Currency Outlook,11/17/2016,1
Currency,Currency Forecast,ANY,ANY,Forex Forecast,11/21/2016,1
Currency,Currency Forecast,ANY,ANY,Forex Outlook,11/21/2016,1
Currency,Currency Forecast,ANY,ANY,Currency Predictor,11/22/2016,1
Currency,Currency Forecast,ANY,ANY,Best Currency Pairs,1/1/2000,2
Currency,Currency Forecast,ANY,ANY,Currency Picks,1/1/2000,2
Currency,Currency Forecast,ANY,ANY,Currency Prediction,1/1/2000,2
Currency,Currency Forecast,ANY,ANY,Currency Prices,1/1/2000,2
Currency,Currency Forecast,ANY,ANY,Currency Trading,1/1/2000,2
Currency,Currency Forecast,ANY,ANY,Currency Trends,1/1/2000,2
Currency,Currency Forecast,ANY,ANY,Eur Jpy Forecast,1/1/2000,2
Currency,Currency Forecast,ANY,ANY,Eur Jpy Outlook,1/1/2000,2
Currency,Currency Forecast,ANY,ANY,Eur Jpy Prediction,1/1/2000,2
Currency,Currency Forecast,ANY,ANY,Eur Usd Forecast,1/1/2000,2
Currency,Currency Forecast,ANY,ANY,Eur Usd Outlook,1/1/2000,2
Currency,Currency Forecast,ANY,ANY,Eur Usd Prediction,1/1/2000,2
Currency,Currency Forecast,ANY,ANY,Foreign Exchange Outlook,1/1/2000,2
Currency,Currency Forecast,ANY,ANY,Foreign Exchange Predictions,1/1/2000,2
Currency,Currency Forecast,ANY,ANY,Foreign Exchange Trading,1/1/2000,2
Currency,Currency Forecast,ANY,ANY,Foreing Exchange Forecast,1/1/2000,2
Currency,Currency Forecast,ANY,ANY,Forex Predictions,1/1/2000,2
Currency,Currency Forecast,ANY,ANY,Usd Jpy Forecast,1/1/2000,2
Currency,Currency Forecast,ANY,ANY,Usd Jpy Outlook,1/1/2000,2
Currency,Currency Forecast,ANY,ANY,Usd Jpy Prediction,1/1/2000,2
Currency,Currency Forecast,ANY,ANY,Usd Jpy Trend,1/1/2000,2
Currency,Currency Forecast,ANY,ANY,Exchange Rate Forecast,11/15/2016,2
Stock,Dividend Stocks Forecast,ANY,ANY,Best Dividend Paying Stocks,10/11/2016,1
Stock,Dividend Stocks Forecast,ANY,ANY,Top Dividend Stocks,11/3/2016,1
Stock,Dividend Stocks Forecast,ANY,ANY,Best Dividend Stocks,11/27/2016,1
Stock,Dividend Stocks Forecast,ANY,ANY,Best Investments Based On Algorithms,1/1/2000,2
Stock,Dividend Stocks Forecast,ANY,ANY,Dividend Paying Stocks,1/1/2000,2
Stock,Dividend Stocks Forecast,ANY,ANY,Dividend Stock Predictions,1/1/2000,2
Stock,Dividend Stocks Forecast,ANY,ANY,Dividend Stock Trends,1/1/2000,2
Stock,Dividend Stocks Forecast,ANY,ANY,Dividend Stocks Forecast,1/1/2000,2
Stock,Dividend Stocks Forecast,ANY,ANY,Dividend Stocks Outlook,1/1/2000,2
Stock,Dividend Stocks Forecast,ANY,ANY,Top 10 Dividend Stocks,1/1/2000,2
Stock,Dividend Stocks Forecast,ANY,ANY,Top 20 Dividend Stocks,1/1/2000,2
Stock,Dividend Stocks Forecast,ANY,ANY,Top Dividend Paying Stocks,1/1/2000,2
Stock,Dividend Stocks Forecast,ANY,ANY,Top Paying Dividend Stocks,1/1/2000,2
Stock,Energy Stocks Forecast,ANY,ANY,Algo Trading,11/22/2016,1
Stock,Energy Stocks Forecast,ANY,ANY,Black Box Trading,11/27/2016,1
Stock,Energy Stocks Forecast,ANY,ANY,Best Energy Stocks,1/1/2000,2
Stock,Energy Stocks Forecast,ANY,ANY,Best Energy Stocks to Buy,1/1/2000,2
Stock,Energy Stocks Forecast,ANY,ANY,Buy Energy Stocks,1/1/2000,2
stock,Energy Stocks Forecast,ANY,ANY,Energy Stocks to Watch,1/1/2000,2
Stock,Energy Stocks Forecast,ANY,ANY,Top Energy Stocks,1/1/2000,2
ETF,ETF's Forecast,ANY,ANY,Etf Outlook,7/6/2016,1
ETF,ETF's Forecast,ANY,ANY,Best Etfs,8/1/2016,1
ETF,ETF's Forecast,ANY,ANY,Etf Screener,8/3/2016,1
ETF,ETF's Forecast,ANY,ANY,Etf Forecast,8/9/2016,1
ETF,ETF's Forecast,ANY,ANY,Best Etf,8/14/2016,1
ETF,ETF's Forecast,ANY,ANY,Top Rated Etfs,8/23/2016,1
ETF,ETF's Forecast,ANY,ANY,Best Etfs to Buy,1/1/2000,2
ETF,ETF's Forecast,ANY,ANY,Best Etfs to Invest,1/1/2000,2
ETF,ETF's Forecast,ANY,ANY,Etf Forecasts,1/1/2000,2
ETF,ETF's Forecast,ANY,ANY,Etf Investment,1/1/2000,2
ETF,ETF's Forecast,ANY,ANY,Etf Trading Strategies,1/1/2000,2
ETF,ETF's Forecast,ANY,ANY,Etf Trends,1/1/2000,2
ETF,ETF's Forecast,ANY,ANY,Top Etfs,1/1/2000,2
ETF,ETF's Forecast,ANY,ANY,Top Performing Etfs,1/1/2000,2
Stock,European Stock Forecast,ANY,ANY,Best European Stocks,11/13/2016,1
Stock,European Stock Forecast,ANY,ANY,European Stocks to Buy,11/17/2016,1
Stock,European Stock Forecast,ANY,ANY,European Shares to Buy,1/1/2000,2
Stock,European Stock Forecast,ANY,ANY,European Stock Market,1/1/2000,2
Stock,European Stock Forecast,ANY,ANY,European Stock Predictions,1/1/2000,2
Stock,European Stock Forecast,ANY,ANY,European Stock Trends,1/1/2000,2
Stock,European Stock Forecast,ANY,ANY,Top European Shares,1/1/2000,2
Stock,European Stock Forecast,ANY,ANY,Top European Stocks to Buy,1/1/2000,2
Stock,European Stock Forecast,ANY,ANY,European Equities,1/1/2000,2
Stock,French Stock Forecast,ANY,ANY,Best French Stocks,1/1/2000,2
Stock,French Stock Forecast,ANY,ANY,French Stock Market,1/1/2000,2
Stock,German Stock Forecast,ANY,ANY,Best German Stocks,1/1/2000,2
Stock,German Stock Forecast,ANY,ANY,German Stock Market,1/1/2000,2
Commodity,Gold & Commodity Forecast,Gold Forecast,Gold Forecast,Gold Outlook,11/2/2016,1
Commodity,Gold & Commodity Forecast,Gold Forecast,Gold Forecast,Gold Price Outlook,11/7/2016,1
Commodity,Gold & Commodity Forecast,Commodities,Commodities,Commodity Prediction,11/17/2016,1
Commodity,Gold & Commodity Forecast,Gold Forecast,Gold Forecast,Gold Forecast,11/21/2016,1
Commodity,Gold & Commodity Forecast,Gold Forecast,Gold Forecast,Gold Price Forecast,11/21/2016,1
Commodity,Gold & Commodity Forecast,Commodities,Commodities,Top Commodities,11/24/2016,1
Commodity,Gold & Commodity Forecast,Commodities,Commodities,Commodities Outlook,11/29/2016,1
Commodity,Gold & Commodity Forecast,Commodities,Commodities,Commodity Forecast,11/29/2016,1
Commodity,Gold & Commodity Forecast,Gold Forecast,Gold Forecast,Gold Prediction,11/29/2016,1
Commodity,Gold & Commodity Forecast,Commodities,Commodities,Commodity Markets,1/1/2000,2
Commodity,Gold & Commodity Forecast,Commodities,Commodities,Commodity Prices,1/1/2000,2
Commodity,Gold & Commodity Forecast,Gold Forecast,Gold Forecast,Daily Gold Forecast,1/1/2000,2
Commodity,Gold & Commodity Forecast,Gold Forecast,Gold Forecast,Gold And Silver Forecast,1/1/2000,2
Commodity,Gold & Commodity Forecast,Gold Forecast,Gold Forecast,Gold And Silver Outlook,1/1/2000,2
Commodity,Gold & Commodity Forecast,Gold Forecast,Gold Forecast,Gold And Silver Predictions,1/1/2000,2
Commodity,Gold & Commodity Forecast,Gold Forecast,Gold Forecast,Gold Price Predictions,1/1/2000,2
Commodity,Gold & Commodity Forecast,Gold Forecast,Gold Forecast,Gold Price Trend,1/1/2000,2
Commodity,Gold & Commodity Forecast,Gold Forecast,Gold Forecast,Gold Prices,1/1/2000,2
Commodity,Gold & Commodity Forecast,Gold Forecast,Gold Forecast,Gold Silver & Oil Forecast,1/1/2000,2
Commodity,Gold & Commodity Forecast,Gold Forecast,Gold Forecast,Gold Silver & Oil Outlook,1/1/2000,2
Commodity,Gold & Commodity Forecast,Gold Forecast,Gold Forecast,Gold Silver & Oil Predictions,1/1/2000,2
Commodity,Gold & Commodity Forecast,Gold Forecast,Gold Forecast,Gold Silver & Oil Trends,1/1/2000,2
Commodity,Gold & Commodity Forecast,Commodities,Commodities,Invest in Commodities,1/1/2000,2
Commodity,Gold & Commodity Forecast,Gold Forecast,Gold Forecast,Invest in Gold,1/1/2000,2
Commodity,Gold & Commodity Forecast,Commodities,Commodities,Investing in Commodities,1/1/2000,2
Commodity,Gold & Commodity Forecast,Gold Forecast,Gold Forecast,Investing in Gold,1/1/2000,2
Commodity,Gold & Commodity Forecast,Commodities,Commodities,Commodity Trading,1/1/2000,2
Stock,Healthcare,ANY,ANY,Investing in Healthcare,1/1/2000,2
Stock,Healthcare,ANY,ANY,Top Health Insurance Companies,1/1/2000,2
Stock,Healthcare,ANY,ANY,Best Asset Allocation Model,1/1/2000,2
Stock,Healthcare,ANY,ANY,Best Healthcare Stocks,1/1/2000,2
Stock,Healthcare,ANY,ANY,Best Healthcare Stocks to Buy,1/1/2000,2
Stock,Healthcare,ANY,ANY,Best Long Term Health Stocks,1/1/2000,2
Stock,Healthcare,ANY,ANY,Healthcare Sector Stocks,1/1/2000,2
Stock,Healthcare,ANY,ANY,Healthcare Stock Picks,1/1/2000,2
Stock,Healthcare,ANY,ANY,Healthcare Stocks,1/1/2000,2
Stock,Healthcare,ANY,ANY,Quantum Trading,1/1/2000,2
Stock,Healthcare,ANY,ANY,Top Healthcare Stocks,1/1/2000,2
Stock,Home Builders,ANY,ANY,Stock Selection,8/10/2016,1
Index,Indices Forecast,ANY,ANY,World Indices Forecasts,1/1/2000,1
Index,Indices Forecast,ANY,ANY,World Indices Forecast,3/27/2016,1
Index,Indices Forecast,ANY,ANY,Global Stock Market,1/1/2000,2
Index,Indices Forecast,ANY,ANY,Major World Indexes,1/1/2000,2
Index,Indices Forecast,ANY,ANY,Major World Indices,1/1/2000,2
Index,Indices Forecast,ANY,ANY,World Indexes,1/1/2000,2
Index,Indices Forecast,ANY,ANY,World Indices,1/1/2000,2
Index,Indices Forecast,ANY,ANY,World Indices Investing,1/1/2000,2
Index,Indices Forecast,ANY,ANY,World Indices Outlook,1/1/2000,2
Index,Indices Forecast,ANY,ANY,World Indices Predictions,1/1/2000,2
Index,Indices Forecast,ANY,ANY,World Indices Trends,1/1/2000,2
Index,Indices Forecast,ANY,ANY,World Share Market,1/1/2000,2
Stock,Insurance Companies Forecast,ANY,ANY,Best Insurance Stocks,1/1/2000,2
Stock,Insurance Companies Forecast,ANY,ANY,Health Insurance Stocks,1/1/2000,2
Stock,Insurance Companies Forecast,ANY,ANY,Insurance Company Stocks,1/1/2000,2
Stock,Insurance Companies Forecast,ANY,ANY,Insurance Industry Stocks,1/1/2000,2
Stock,Insurance Companies Forecast,ANY,ANY,Insurance Stocks,1/1/2000,2
Stock,Insurance Companies Forecast,ANY,ANY,Stock Insurance,1/1/2000,2
Stock,Insurance Companies Forecast,ANY,ANY,Stock Insurance Company,1/1/2000,2
Stock,Insurance Companies Forecast,ANY,ANY,Stock Life Insurance Companies,1/1/2000,2
Stock,Insurance Companies Forecast,ANY,ANY,Top 10 Insurance Companies,1/1/2000,2
Index,Interest Rates Forecast,ANY,ANY,Interest Rate Development,1/1/2000,2
Index,Interest Rates Forecast,ANY,ANY,Interest Rate Forecast,1/1/2000,2
Index,Interest Rates Forecast,ANY,ANY,Interest Rate Investment,1/1/2000,2
Index,Interest Rates Forecast,ANY,ANY,Interest Rate Opportunities,1/1/2000,2
Index,Interest Rates Forecast,ANY,ANY,Interest Rate Outlook,1/1/2000,2
Index,Interest Rates Forecast,ANY,ANY,Interest Rate Prediction,1/1/2000,2
Index,Interest Rates Forecast,ANY,ANY,Interest Rate Trading,1/1/2000,2
Index,Interest Rates Forecast,ANY,ANY,Interest Rate Trends,1/1/2000,2
Stock,International Stocks,ANY,ANY,Global Stock Market,1/1/2000,2
Stock,International Stocks,ANY,ANY,Best International Stocks,1/1/2000,2
Stock,International Stocks,ANY,ANY,International Stock Forecast,1/1/2000,2
Stock,International Stocks,ANY,ANY,International Stock Outlook,1/1/2000,2
Stock,International Stocks,ANY,ANY,International Stock Predictions,1/1/2000,2
Stock,International Stocks,ANY,ANY,International Stock Trading,1/1/2000,2
Stock,International Stocks,ANY,ANY,International Stock Trends,1/1/2000,2
Stock,International Stocks,ANY,ANY,International Stocks Forecast,1/1/2000,2
Stock,International Stocks,ANY,ANY,International Stocks Outlook,1/1/2000,2
Stock,Israeli Stocks,ANY,ANY,Best Israeli Stocks,1/1/2000,2
Stock,Israeli Stocks,ANY,ANY,Israeli Stocks,1/1/2000,2
Stock,Italy,ANY,ANY,Best Italian Stocks,1/1/2000,2
Stock,Italy,ANY,ANY,Best Italian Stocks to Buy,1/1/2000,2
Stock,Italy,ANY,ANY,Best Performing Italian Stocks,1/1/2000,2
Stock,Italy,ANY,ANY,Italian Stocks,1/1/2000,2
Stock,Italy,ANY,ANY,Italian Stocks to Buy,1/1/2000,2
Stock,Italy,ANY,ANY,Italian Stocks to Invest In,1/1/2000,2
Stock,Italy,ANY,ANY,Top 10 Italian Stocks,1/1/2000,2
Stock,Italy,ANY,ANY,Top 20 Italian Stocks,1/1/2000,2
Stock,Italy,ANY,ANY,Top Performing Italian Stocks,1/1/2000,2
Stock,Mega Cap Forecast,ANY,ANY,Best Mega Cap Stocks,1/21/2015,1
Stock,Mega Cap Forecast,ANY,ANY,Top 10 Blue Chip Stocks,3/30/2015,1
Stock,Mega Cap Forecast,ANY,ANY,Best Blue Chip Stocks,1/10/2016,1
Stock,Mega Cap Forecast,ANY,ANY,Blue Chip Picks,1/1/2000,2
Stock,Mega Cap Forecast,ANY,ANY,Blue Chip Stocks Forecast,1/1/2000,2
Stock,Mega Cap Forecast,ANY,ANY,Blue Chip Stocks Outlook,1/1/2000,2
Stock,Mega Cap Forecast,ANY,ANY,Blue Chip Stocks Predictions,1/1/2000,2
Stock,Mega Cap Forecast,ANY,ANY,Blue Chip Stocks Trends,1/1/2000,2
Stock,Mega Cap Forecast,ANY,ANY,Mega Cap Companies,1/1/2000,2
Stock,Mega Cap Forecast,ANY,ANY,Mega Cap Forecast,1/1/2000,2
Stock,Mega Cap Forecast,ANY,ANY,Mega Cap Outlook,1/1/2000,2
Stock,Mega Cap Forecast,ANY,ANY,Mega Cap Predictions,1/1/2000,2
Stock,Mega Cap Forecast,ANY,ANY,Mega Cap Stock Forecast,1/1/2000,2
Stock,Mega Cap Forecast,ANY,ANY,Top Blue Chip Stocks,1/1/2000,2
Commodity,Oil Forecast,ANY,ANY,Crude Oil Forecast,1/1/2000,2
Commodity,Oil Forecast,ANY,ANY,Crude Oil Outlook,1/1/2000,2
Commodity,Oil Forecast,ANY,ANY,Crude Oil Prediction,1/1/2000,2
Commodity,Oil Forecast,ANY,ANY,Crude Oil Trend,1/1/2000,2
Commodity,Oil Forecast,ANY,ANY,Oil Price Forecast,1/1/2000,2
Commodity,Oil Forecast,ANY,ANY,Oil Price Outlook,1/1/2000,2
Commodity,Oil Forecast,ANY,ANY,Oil Price Trend,1/1/2000,2
Commodity,Oil Forecast,ANY,ANY,Oil Price Predictions,1/1/2000,2
Stock,Options,ANY,ANY,Top Options to Buy,11/3/2016,1
Stock,Options,ANY,ANY,Best Options to Buy,11/29/2016,1
Stock,Options,ANY,ANY,Algorithmic Options Forecast,1/1/2000,2
Stock,Options,ANY,ANY,Best Options to Long,1/1/2000,2
Stock,Options,ANY,ANY,Best Options to Sell,1/1/2000,2
Stock,Options,ANY,ANY,Best Options to Short,1/1/2000,2
stock,Options,ANY,ANY,Options Screener,1/1/2000,2
Stock,Options,ANY,ANY,Short Term Capital Gains On Shares,1/1/2000,2
Stock,Pharma Stocks Forecast,ANY,ANY,Best Pharma Stocks,1/1/2000,2
Stock,Pharma Stocks Forecast,ANY,ANY,Best Pharmaceutical Stocks,1/1/2000,2
Stock,Pharma Stocks Forecast,ANY,ANY,Pharmaceutical Companies,1/1/2000,2
Stock,Pharma Stocks Forecast,ANY,ANY,Pharmaceutical Stocks,1/1/2000,2
Stock,Pharma Stocks Forecast,ANY,ANY,Pharmaceutical Stocks to Buy,1/1/2000,2
Stock,Pharma Stocks Forecast,ANY,ANY,Top Pharmaceutical Companies,1/1/2000,2
Stock,Small Cap Forecast,ANY,ANY,Small Cap Stocks to Buy,11/22/2016,1
Stock,Small Cap Forecast,ANY,ANY,Best Performing Small Cap Stocks,1/1/2000,2
Stock,Small Cap Forecast,ANY,ANY,Best Small Cap Shares,1/1/2000,2
Stock,Small Cap Forecast,ANY,ANY,Best Small Cap Stocks,1/1/2000,2
Stock,Small Cap Forecast,ANY,ANY,Growth Investing,1/1/2000,2
Stock,Small Cap Forecast,ANY,ANY,Investing in Small Cap Stocks,1/1/2000,2
Stock,Small Cap Forecast,ANY,ANY,Small Cap Forecast,1/1/2000,2
Stock,Small Cap Forecast,ANY,ANY,Small Cap Investing,1/1/2000,2
Stock,Small Cap Forecast,ANY,ANY,Small Cap Outlook,1/1/2000,2
Stock,Small Cap Forecast,ANY,ANY,Small Cap Predictions,1/1/2000,2
Stock,Small Cap Forecast,ANY,ANY,Small Cap Stock Picks,1/1/2000,2
Stock,Small Cap Forecast,ANY,ANY,Small Cap Stocks to Invest In,1/1/2000,2
Stock,Small Cap Forecast,ANY,ANY,Small Cap Trading,1/1/2000,2
Stock,Small Cap Forecast,ANY,ANY,Small Cap Trends,1/1/2000,2
Stock,Small Cap Forecast,ANY,ANY,Small Caps Forecast,1/1/2000,2
Stock,Small Cap Forecast,ANY,ANY,Small Caps Outlook,1/1/2000,2
Stock,Small Cap Forecast,ANY,ANY,Small Caps Predictions,1/1/2000,2
Stock,Small Cap Forecast,ANY,ANY,Small Caps Trading,1/1/2000,2
Stock,Small Cap Forecast,ANY,ANY,Top 10 Small Cap Stocks,1/1/2000,2
Stock,Small Cap Forecast,ANY,ANY,Top Small Cap Stocks,1/1/2000,2
Stock,Small Cap Forecast,ANY,ANY,Top Ten Small Cap Stocks,1/1/2000,2
Stock,Stock Forecast & S&P500 Forecast,ANY,ANY,Top Rated Stocks,11/29/2016,1
stock,Stock Forecast & S&P500 Forecast,ANY,ANY,Stock Volatility,1/1/2000,2
stock,Stock Forecast & S&P500 Forecast,ANY,ANY,Automated Trading,1/1/2000,2
Stock,Stock Forecast & S&P500 Forecast,ANY,ANY,Best Investments,1/1/2000,2
Stock,Stock Forecast & S&P500 Forecast,ANY,ANY,Market Mover,1/1/2000,2
Stock,Stock Forecast & S&P500 Forecast,ANY,ANY,Best Sp 500 Stocks,1/1/2000,2
Stock,Stock Forecast & S&P500 Forecast,ANY,ANY,S&P 500 Forecast,1/1/2000,2
Index,Stock Forecast & S&P500 Forecast,ANY,ANY,S&P500 Forecast,1/1/2000,2
Index,Stock Forecast & S&P500 Forecast,ANY,ANY,S&P500 Outlook,1/1/2000,2
Index,Stock Forecast & S&P500 Forecast,ANY,ANY,S&P500 Predictions,1/1/2000,2
Stock,Stock Forecast & S&P500 Forecast,ANY,ANY,Top 20 Stocks,1/1/2000,2
Stock,Stock Forecast & S&P500 Forecast,ANY,ANY,Stock Predictor,11/24/2016,2
Stock,Stocks Under $10,ANY,ANY,Stock Market Forecast,11/15/2016,1
stock,Stocks Under $10,ANY,ANY,Systematic Trading,11/21/2016,1
Stock,Stocks Under $10,ANY,ANY,Market Forecasts,1/1/2000,2
Stock,Stocks Under $10,ANY,ANY,Good Stocks Under $10,1/1/2000,2
Stock,Stocks Under $10,ANY,ANY,Hot Stocks,1/1/2000,2
Stock,Stocks Under $10,ANY,ANY,Hot Stocks to Buy,1/1/2000,2
Stock,Stocks Under $10,ANY,ANY,Top Stocks Under $10,11/16/2016,2
Stock,Stocks Under $10,ANY,ANY,Best Stocks Under $10,11/16/2016,2
Stock,Stocks Under $5,ANY,ANY,Stock Market Analysis,8/10/2016,1
stock,Stocks Under $5,ANY,ANY,Algorithmic Trading,11/24/2016,1
Stock,Stocks Under $5,ANY,ANY,Best Stocks Under $5,1/1/2000,2
Stock,Stocks Under $5,ANY,ANY,Good Stocks Under $5,1/1/2000,2
Stock,Stocks Under $5,ANY,ANY,Top Stocks Under $5,1/1/2000,2
Stock,Stocks Under $5,ANY,ANY,Best Stocks Under 5,7/4/2016,2
Stock,Stocks Under $5,ANY,ANY,Stock Valuation,11/30/2016,2
Stock,Tech Stocks Forecast,ANY,ANY,10 Best Tech Stocks,11/30/2016,1
Stock,Tech Stocks Forecast,ANY,ANY,Algorithmic Trading Software,11/13/2016,1
Stock,Tech Stocks Forecast,ANY,ANY,Best Tech Stocks,11/20/2016,1
Stock,Tech Stocks Forecast,ANY,ANY,Best Investments,1/1/2000,2
Stock,Tech Stocks Forecast,ANY,ANY,Advanced Computer Trading,1/1/2000,2
Stock,Tech Stocks Forecast,ANY,ANY,Best Tech Stocks to Invest In,1/1/2000,2
Stock,Tech Stocks Forecast,ANY,ANY,Prediction Markets,1/1/2000,2
Stock,Tech Stocks Forecast,ANY,ANY,Predictive Analytics Report,1/1/2000,2
Stock,Tech Stocks Forecast,ANY,ANY,Tech Stock Market Forecast,1/1/2000,2
Stock,Tech Stocks Forecast,ANY,ANY,Tech Stock Market Outlook,1/1/2000,2
Stock,Tech Stocks Forecast,ANY,ANY,Tech Stock Market Prediction,1/1/2000,2
Stock,Tech Stocks Forecast,ANY,ANY,Tech Stock to Watch,1/1/2000,2
Stock,Tech Stocks Forecast,ANY,ANY,Tech Stocks to Buy,1/1/2000,2
Stock,Tech Stocks Forecast,ANY,ANY,Tech Stocks to Watch,1/1/2000,2
Stock,Tech Stocks Forecast,ANY,ANY,Top Tech Stock,1/1/2000,2
Stock,Tech Stocks Forecast,ANY,ANY,Top Tech Stocks,1/1/2000,2
Stock,Tech Stocks Forecast,ANY,ANY,Top Technology Stocks,1/1/2000,2
Stock,Tech Stocks Forecast,ANY,ANY,Value Stocks,1/1/2000,2
Stock,Transportation Stocks,ANY,ANY,Transport Stock,1/1/2000,2
Stock,Transportation Stocks,ANY,ANY,Transport Stocks,1/1/2000,2
Stock,Transportation Stocks,ANY,ANY,Best Transportation Stocks,1/1/2000,2
Stock,Transportation Stocks,ANY,ANY,Transportation Stock,1/1/2000,2
Index,US Sector Indices Forecast,ANY,ANY,Stock Sectors,1/1/2000,2
Index,Volatility Forecast,ANY,ANY,Volatility Forecasting,11/2/2016,1
Index,Volatility Forecast,ANY,ANY,Volatility Forecast,11/8/2016,1
Index,Volatility Forecast,ANY,ANY,Volatility Prediction,1/1/2000,2
Index,Volatility Forecast,ANY,ANY,Volatility Trading,1/1/2000,2
Index,Volatility Forecast,ANY,ANY,Volatility Trend,1/1/2000,2
Index,Volatility Forecast,ANY,ANY,Volatility Trends,1/1/2000,2
Stock,Warren Buffett Portfolio,ANY,ANY,Warren Buffett Portfolio,11/10/2016,1
stock,Warren Buffett Portfolio,ANY,ANY,Warren Buffett Advice,1/1/2000,2
Stock,Warren Buffett Portfolio,ANY,ANY,Warren Buffett Holdings,1/1/2000,2
Stock,Warren Buffett Portfolio,ANY,ANY,Warren Buffett Investment Strategy,1/1/2000,2
Stock,Warren Buffett Portfolio,ANY,ANY,Warren Buffett Investments,1/1/2000,2
Stock,Warren Buffett Portfolio,ANY,ANY,Warren Buffett Portfolios,1/1/2000,2
Stock,Warren Buffett Portfolio,ANY,ANY,Warren Buffett Stock,1/1/2000,2
Stock,Warren Buffett Portfolio,ANY,ANY,Warren Buffett Stock Forecast,1/1/2000,2
Stock,Warren Buffett Portfolio,ANY,ANY,Warren Buffett Stock Outlook,1/1/2000,2
Stock,Warren Buffett Portfolio,ANY,ANY,Warren Buffett Stock Picks,1/1/2000,2
Stock,Warren Buffett Portfolio,ANY,ANY,Warren Buffett Stock Portfolio,1/1/2000,2
Stock,Warren Buffett Portfolio,ANY,ANY,Warren Buffett Stocks,1/1/2000,2
